"sample_size","rho","method","mcse_TPR","mcse_FPR","mcse_model_size","mcse_bias","mcse_coverage","Method","Scenario"
250,0,"Backward AIC",0.000649253257965871,0.00102918353059682,0.0157345148160231,0.000305230631945784,0.00117950796182137,"AIC","N = 250, rho = 0"
250,0,"Backward BIC",0.000982775775455664,0.000389467122585551,0.00761985893734408,0.000344288788835093,0.00148799752419149,"BIC","N = 250, rho = 0"
250,0,"Backward p-value",0.000502141588217369,0.00121725942402755,0.0183848829039496,0.000299899183608359,0.00110312822101513,"Backward","N = 250, rho = 0"
250,0,"Elastic net: lambda.1se",0.000918518376299984,0.000932548579739547,0.0155833077344957,0.000329376722376158,0.00138444090086937,"EN 1se","N = 250, rho = 0"
250,0,"Elastic net: lambda.min",0.000388160413811977,0.00201367025164097,0.0304883196119969,0.000297594484249076,0.00105290825811179,"EN min","N = 250, rho = 0"
250,0,"LASSO: lambda.1se",0.00100561541666614,0.00065505380830234,0.0120071610796107,0.000348649513800104,0.00150801941366814,"LASSO 1se","N = 250, rho = 0"
250,0,"LASSO: lambda.min",0.000481243804697739,0.00208475449077232,0.0317349306219843,0.000299606641179096,0.00108881257891338,"LASSO min","N = 250, rho = 0"
250,0.35,"Backward AIC",0.0008436436057088,0.00104236501563316,0.0160598089262069,0.000371696516774357,0.00135477726287386,"AIC","N = 250, rho = 0.35"
250,0.35,"Backward BIC",0.00101478033973555,0.000408191855563023,0.00769243741341689,0.000413303368233778,0.00166158261907135,"BIC","N = 250, rho = 0.35"
250,0.35,"Backward p-value",0.000693801193433393,0.0012206447848176,0.0185622597425172,0.000363861200746783,0.00123809814150575,"Backward","N = 250, rho = 0.35"
250,0.35,"Elastic net: lambda.1se",0.00056632714277462,0.00117502693961921,0.0177342387861033,0.000340068087431132,0.00120379192886479,"EN 1se","N = 250, rho = 0.35"
250,0.35,"Elastic net: lambda.min",0.000425007085943647,0.00177265482366018,0.0266856726261931,0.000354022036519147,0.00113909027210314,"EN min","N = 250, rho = 0.35"
250,0.35,"LASSO: lambda.1se",0.000809482356922383,0.000963285667064595,0.0151925921582082,0.000353788262971083,0.00134211768187443,"LASSO 1se","N = 250, rho = 0.35"
250,0.35,"LASSO: lambda.min",0.000490952811852979,0.00178675966857145,0.0269916515783213,0.000353184742612636,0.00116512576488549,"LASSO min","N = 250, rho = 0.35"
250,0.7,"Backward AIC",0.00109182334093972,0.0010319872381798,0.0162459671655742,0.000551935039053071,0.00162392463864553,"AIC","N = 250, rho = 0.7"
250,0.7,"Backward BIC",0.00104792550058937,0.000437694517880258,0.00765540146022086,0.000626017184258188,0.00195018489174745,"BIC","N = 250, rho = 0.7"
250,0.7,"Backward p-value",0.00100233542670643,0.00121323632341761,0.0187359201394099,0.000536803678285204,0.00148195589408052,"Backward","N = 250, rho = 0.7"
250,0.7,"Elastic net: lambda.1se",0.00065025044603157,0.00125088925220461,0.0188827956615857,0.000481638792636632,0.00124024770429136,"EN 1se","N = 250, rho = 0.7"
250,0.7,"Elastic net: lambda.min",0.000720495851082532,0.00162493875520014,0.0246416528890761,0.000504830093206086,0.00129659423413804,"EN min","N = 250, rho = 0.7"
250,0.7,"LASSO: lambda.1se",0.000946077135435911,0.00111527028537822,0.0172351521329783,0.000484845808084099,0.00148639071848555,"LASSO 1se","N = 250, rho = 0.7"
250,0.7,"LASSO: lambda.min",0.000786280372184355,0.00166826294061002,0.0254140290250706,0.000502902393700929,0.00134271342884474,"LASSO min","N = 250, rho = 0.7"
500,0,"Backward AIC",0.000207675402749798,0.000995812583796762,0.0149698526595576,0.00020461732885754,0.00100529175466628,"AIC","N = 500, rho = 0"
500,0,"Backward BIC",0.000621548929938127,0.000303410593125923,0.00550203837160595,0.00022365414474947,0.00112322860006323,"BIC","N = 500, rho = 0"
500,0,"Backward p-value",0.000130873040674073,0.00121846730847148,0.0182825519053117,0.000204303389211126,0.00101131119246254,"Backward","N = 500, rho = 0"
500,0,"Elastic net: lambda.1se",0.000540751145334079,0.000709147654375474,0.0112397390171355,0.000217897509386203,0.00108575862879371,"EN 1se","N = 500, rho = 0"
500,0,"Elastic net: lambda.min",9.37097548380913e-05,0.0019972400376239,0.0299773158229084,0.000204328640664476,0.00100511402736207,"EN min","N = 500, rho = 0"
500,0,"LASSO: lambda.1se",0.000744557369561041,0.000461845261597563,0.0082618354977922,0.000236661154811627,0.00120812128861303,"LASSO 1se","N = 500, rho = 0"
500,0,"LASSO: lambda.min",0.000126244183071443,0.00207623850400705,0.0311776842597326,0.000204409853038572,0.0010075986343778,"LASSO min","N = 500, rho = 0"
500,0.35,"Backward AIC",0.000428820275503466,0.000998595484426188,0.0150721655052385,0.000250834451280002,0.00108752807412039,"AIC","N = 500, rho = 0.35"
500,0.35,"Backward BIC",0.000860335967978661,0.000321771247776758,0.00620404448862205,0.000281952686132775,0.00135712295389917,"BIC","N = 500, rho = 0.35"
500,0.35,"Backward p-value",0.000301091523644491,0.001219549534822,0.0183533944737444,0.000249188676461203,0.00105106286776767,"Backward","N = 500, rho = 0.35"
500,0.35,"Elastic net: lambda.1se",0.000218675883247768,0.00117919143122114,0.0176893173185038,0.000239790084887253,0.00118152232310693,"EN 1se","N = 500, rho = 0.35"
500,0.35,"Elastic net: lambda.min",0.000129348804058295,0.00181585766712043,0.0272425812254122,0.000248786722714464,0.00112338254926806,"EN min","N = 500, rho = 0.35"
500,0.35,"LASSO: lambda.1se",0.000452058000309213,0.00087483934077349,0.0133568316413418,0.000246550370859436,0.00114661111454582,"LASSO 1se","N = 500, rho = 0.35"
500,0.35,"LASSO: lambda.min",0.000177069182382296,0.00182732679224432,0.0274334729034359,0.000247988387444769,0.00114105214604767,"LASSO min","N = 500, rho = 0.35"
500,0.7,"Backward AIC",0.000854149399765469,0.000991525057101712,0.0153577174719616,0.000379376690645419,0.00136342443868371,"AIC","N = 500, rho = 0.7"
500,0.7,"Backward BIC",0.000990898858640379,0.00034332354742565,0.00684522583350405,0.000433900915215731,0.00173680968214713,"BIC","N = 500, rho = 0.7"
500,0.7,"Backward p-value",0.000709043887445222,0.00118735204104588,0.018057984607392,0.000370765328958961,0.00123823264696098,"Backward","N = 500, rho = 0.7"
500,0.7,"Elastic net: lambda.1se",0.000343934338330601,0.00123363736950908,0.0184844299726862,0.000345071164622504,0.00118295824102121,"EN 1se","N = 500, rho = 0.7"
500,0.7,"Elastic net: lambda.min",0.000419424309828564,0.00164961697751513,0.0248187512385556,0.000359346106495243,0.00116629704621078,"EN min","N = 500, rho = 0.7"
500,0.7,"LASSO: lambda.1se",0.000674396708986713,0.00108201633400139,0.0164116211609613,0.000347826280301325,0.00130621688551328,"LASSO 1se","N = 500, rho = 0.7"
500,0.7,"LASSO: lambda.min",0.000481243804697739,0.00167259778870496,0.0252250100121489,0.000357547555800476,0.00119336779242612,"LASSO min","N = 500, rho = 0.7"
