"sample_size","rho","method","variable","false_positive_rate","type_I_error","Method","Scenario"
250,0,"Backward AIC","X10",0.1719,0.0536,"AIC","N = 250, rho = 0"
250,0,"Backward AIC","X11",0.1785,0.0596,"AIC","N = 250, rho = 0"
250,0,"Backward AIC","X12",0.1744,0.0559,"AIC","N = 250, rho = 0"
250,0,"Backward AIC","X13",0.1805,0.0598,"AIC","N = 250, rho = 0"
250,0,"Backward AIC","X14",0.1717,0.0545,"AIC","N = 250, rho = 0"
250,0,"Backward AIC","X15",0.1674,0.0553,"AIC","N = 250, rho = 0"
250,0,"Backward AIC","X16",0.178,0.0572,"AIC","N = 250, rho = 0"
250,0,"Backward AIC","X17",0.1761,0.0558,"AIC","N = 250, rho = 0"
250,0,"Backward AIC","X18",0.1807,0.0572,"AIC","N = 250, rho = 0"
250,0,"Backward AIC","X19",0.1817,0.0575,"AIC","N = 250, rho = 0"
250,0,"Backward AIC","X20",0.1719,0.0548,"AIC","N = 250, rho = 0"
250,0,"Backward AIC","X6",0.1797,0.0567,"AIC","N = 250, rho = 0"
250,0,"Backward AIC","X7",0.172,0.0541,"AIC","N = 250, rho = 0"
250,0,"Backward AIC","X8",0.1703,0.0548,"AIC","N = 250, rho = 0"
250,0,"Backward AIC","X9",0.1748,0.0539,"AIC","N = 250, rho = 0"
250,0,"Backward BIC","X10",0.0216,0.0216,"BIC","N = 250, rho = 0"
250,0,"Backward BIC","X11",0.0247,0.0247,"BIC","N = 250, rho = 0"
250,0,"Backward BIC","X12",0.0228,0.0228,"BIC","N = 250, rho = 0"
250,0,"Backward BIC","X13",0.0241,0.0241,"BIC","N = 250, rho = 0"
250,0,"Backward BIC","X14",0.0215,0.0215,"BIC","N = 250, rho = 0"
250,0,"Backward BIC","X15",0.0228,0.0228,"BIC","N = 250, rho = 0"
250,0,"Backward BIC","X16",0.0227,0.0227,"BIC","N = 250, rho = 0"
250,0,"Backward BIC","X17",0.0203,0.0203,"BIC","N = 250, rho = 0"
250,0,"Backward BIC","X18",0.023,0.023,"BIC","N = 250, rho = 0"
250,0,"Backward BIC","X19",0.0218,0.0218,"BIC","N = 250, rho = 0"
250,0,"Backward BIC","X20",0.0205,0.0205,"BIC","N = 250, rho = 0"
250,0,"Backward BIC","X6",0.0215,0.0215,"BIC","N = 250, rho = 0"
250,0,"Backward BIC","X7",0.0189,0.0189,"BIC","N = 250, rho = 0"
250,0,"Backward BIC","X8",0.0213,0.0213,"BIC","N = 250, rho = 0"
250,0,"Backward BIC","X9",0.0212,0.0212,"BIC","N = 250, rho = 0"
250,0,"Backward p-value","X10",0.3113,0.0546,"Backward","N = 250, rho = 0"
250,0,"Backward p-value","X11",0.3178,0.061,"Backward","N = 250, rho = 0"
250,0,"Backward p-value","X12",0.3126,0.0572,"Backward","N = 250, rho = 0"
250,0,"Backward p-value","X13",0.318,0.0608,"Backward","N = 250, rho = 0"
250,0,"Backward p-value","X14",0.3122,0.056,"Backward","N = 250, rho = 0"
250,0,"Backward p-value","X15",0.3035,0.056,"Backward","N = 250, rho = 0"
250,0,"Backward p-value","X16",0.3147,0.0578,"Backward","N = 250, rho = 0"
250,0,"Backward p-value","X17",0.3125,0.0565,"Backward","N = 250, rho = 0"
250,0,"Backward p-value","X18",0.314,0.0592,"Backward","N = 250, rho = 0"
250,0,"Backward p-value","X19",0.317,0.0594,"Backward","N = 250, rho = 0"
250,0,"Backward p-value","X20",0.3103,0.0556,"Backward","N = 250, rho = 0"
250,0,"Backward p-value","X6",0.3178,0.0572,"Backward","N = 250, rho = 0"
250,0,"Backward p-value","X7",0.3084,0.0539,"Backward","N = 250, rho = 0"
250,0,"Backward p-value","X8",0.3043,0.0563,"Backward","N = 250, rho = 0"
250,0,"Backward p-value","X9",0.3041,0.0541,"Backward","N = 250, rho = 0"
250,0,"Elastic net: lambda.1se","X10",0.0755,0.0386,"EN 1se","N = 250, rho = 0"
250,0,"Elastic net: lambda.1se","X11",0.0778,0.0393,"EN 1se","N = 250, rho = 0"
250,0,"Elastic net: lambda.1se","X12",0.078,0.0393,"EN 1se","N = 250, rho = 0"
250,0,"Elastic net: lambda.1se","X13",0.082,0.043,"EN 1se","N = 250, rho = 0"
250,0,"Elastic net: lambda.1se","X14",0.0777,0.042,"EN 1se","N = 250, rho = 0"
250,0,"Elastic net: lambda.1se","X15",0.0749,0.0402,"EN 1se","N = 250, rho = 0"
250,0,"Elastic net: lambda.1se","X16",0.079,0.0405,"EN 1se","N = 250, rho = 0"
250,0,"Elastic net: lambda.1se","X17",0.0751,0.0392,"EN 1se","N = 250, rho = 0"
250,0,"Elastic net: lambda.1se","X18",0.0793,0.0415,"EN 1se","N = 250, rho = 0"
250,0,"Elastic net: lambda.1se","X19",0.079,0.0413,"EN 1se","N = 250, rho = 0"
250,0,"Elastic net: lambda.1se","X20",0.0763,0.0394,"EN 1se","N = 250, rho = 0"
250,0,"Elastic net: lambda.1se","X6",0.0832,0.0411,"EN 1se","N = 250, rho = 0"
250,0,"Elastic net: lambda.1se","X7",0.0748,0.0362,"EN 1se","N = 250, rho = 0"
250,0,"Elastic net: lambda.1se","X8",0.0748,0.0394,"EN 1se","N = 250, rho = 0"
250,0,"Elastic net: lambda.1se","X9",0.0781,0.0407,"EN 1se","N = 250, rho = 0"
250,0,"Elastic net: lambda.min","X10",0.4888,0.053,"EN min","N = 250, rho = 0"
250,0,"Elastic net: lambda.min","X11",0.4937,0.0582,"EN min","N = 250, rho = 0"
250,0,"Elastic net: lambda.min","X12",0.4929,0.0535,"EN min","N = 250, rho = 0"
250,0,"Elastic net: lambda.min","X13",0.4962,0.0569,"EN min","N = 250, rho = 0"
250,0,"Elastic net: lambda.min","X14",0.4912,0.0509,"EN min","N = 250, rho = 0"
250,0,"Elastic net: lambda.min","X15",0.4835,0.052,"EN min","N = 250, rho = 0"
250,0,"Elastic net: lambda.min","X16",0.4943,0.0533,"EN min","N = 250, rho = 0"
250,0,"Elastic net: lambda.min","X17",0.4953,0.0522,"EN min","N = 250, rho = 0"
250,0,"Elastic net: lambda.min","X18",0.5014,0.054,"EN min","N = 250, rho = 0"
250,0,"Elastic net: lambda.min","X19",0.4931,0.0549,"EN min","N = 250, rho = 0"
250,0,"Elastic net: lambda.min","X20",0.4963,0.0519,"EN min","N = 250, rho = 0"
250,0,"Elastic net: lambda.min","X6",0.4921,0.0539,"EN min","N = 250, rho = 0"
250,0,"Elastic net: lambda.min","X7",0.4864,0.0508,"EN min","N = 250, rho = 0"
250,0,"Elastic net: lambda.min","X8",0.4883,0.0521,"EN min","N = 250, rho = 0"
250,0,"Elastic net: lambda.min","X9",0.4846,0.0511,"EN min","N = 250, rho = 0"
250,0,"LASSO: lambda.1se","X10",0.0379,0.0272,"LASSO 1se","N = 250, rho = 0"
250,0,"LASSO: lambda.1se","X11",0.0392,0.0274,"LASSO 1se","N = 250, rho = 0"
250,0,"LASSO: lambda.1se","X12",0.0391,0.0284,"LASSO 1se","N = 250, rho = 0"
250,0,"LASSO: lambda.1se","X13",0.0405,0.0302,"LASSO 1se","N = 250, rho = 0"
250,0,"LASSO: lambda.1se","X14",0.0369,0.0273,"LASSO 1se","N = 250, rho = 0"
250,0,"LASSO: lambda.1se","X15",0.0381,0.0298,"LASSO 1se","N = 250, rho = 0"
250,0,"LASSO: lambda.1se","X16",0.0414,0.0308,"LASSO 1se","N = 250, rho = 0"
250,0,"LASSO: lambda.1se","X17",0.0355,0.0266,"LASSO 1se","N = 250, rho = 0"
250,0,"LASSO: lambda.1se","X18",0.037,0.0276,"LASSO 1se","N = 250, rho = 0"
250,0,"LASSO: lambda.1se","X19",0.0402,0.0284,"LASSO 1se","N = 250, rho = 0"
250,0,"LASSO: lambda.1se","X20",0.0382,0.0285,"LASSO 1se","N = 250, rho = 0"
250,0,"LASSO: lambda.1se","X6",0.0387,0.0268,"LASSO 1se","N = 250, rho = 0"
250,0,"LASSO: lambda.1se","X7",0.0355,0.0254,"LASSO 1se","N = 250, rho = 0"
250,0,"LASSO: lambda.1se","X8",0.0365,0.0266,"LASSO 1se","N = 250, rho = 0"
250,0,"LASSO: lambda.1se","X9",0.039,0.0275,"LASSO 1se","N = 250, rho = 0"
250,0,"LASSO: lambda.min","X10",0.3992,0.0514,"LASSO min","N = 250, rho = 0"
250,0,"LASSO: lambda.min","X11",0.4038,0.0578,"LASSO min","N = 250, rho = 0"
250,0,"LASSO: lambda.min","X12",0.3997,0.0538,"LASSO min","N = 250, rho = 0"
250,0,"LASSO: lambda.min","X13",0.4087,0.0576,"LASSO min","N = 250, rho = 0"
250,0,"LASSO: lambda.min","X14",0.398,0.051,"LASSO min","N = 250, rho = 0"
250,0,"LASSO: lambda.min","X15",0.3937,0.053,"LASSO min","N = 250, rho = 0"
250,0,"LASSO: lambda.min","X16",0.4006,0.0527,"LASSO min","N = 250, rho = 0"
250,0,"LASSO: lambda.min","X17",0.4027,0.0522,"LASSO min","N = 250, rho = 0"
250,0,"LASSO: lambda.min","X18",0.4046,0.0547,"LASSO min","N = 250, rho = 0"
250,0,"LASSO: lambda.min","X19",0.3998,0.0552,"LASSO min","N = 250, rho = 0"
250,0,"LASSO: lambda.min","X20",0.4023,0.0519,"LASSO min","N = 250, rho = 0"
250,0,"LASSO: lambda.min","X6",0.4053,0.0527,"LASSO min","N = 250, rho = 0"
250,0,"LASSO: lambda.min","X7",0.3929,0.0507,"LASSO min","N = 250, rho = 0"
250,0,"LASSO: lambda.min","X8",0.3914,0.0519,"LASSO min","N = 250, rho = 0"
250,0,"LASSO: lambda.min","X9",0.3923,0.0521,"LASSO min","N = 250, rho = 0"
250,0.35,"Backward AIC","X10",0.1762,0.0602,"AIC","N = 250, rho = 0.35"
250,0.35,"Backward AIC","X11",0.1842,0.0644,"AIC","N = 250, rho = 0.35"
250,0.35,"Backward AIC","X12",0.1771,0.0607,"AIC","N = 250, rho = 0.35"
250,0.35,"Backward AIC","X13",0.1764,0.0605,"AIC","N = 250, rho = 0.35"
250,0.35,"Backward AIC","X14",0.18,0.0579,"AIC","N = 250, rho = 0.35"
250,0.35,"Backward AIC","X15",0.1801,0.0583,"AIC","N = 250, rho = 0.35"
250,0.35,"Backward AIC","X16",0.1802,0.062,"AIC","N = 250, rho = 0.35"
250,0.35,"Backward AIC","X17",0.1796,0.0562,"AIC","N = 250, rho = 0.35"
250,0.35,"Backward AIC","X18",0.1794,0.0617,"AIC","N = 250, rho = 0.35"
250,0.35,"Backward AIC","X19",0.1778,0.0629,"AIC","N = 250, rho = 0.35"
250,0.35,"Backward AIC","X20",0.1799,0.0601,"AIC","N = 250, rho = 0.35"
250,0.35,"Backward AIC","X6",0.1799,0.0626,"AIC","N = 250, rho = 0.35"
250,0.35,"Backward AIC","X7",0.1736,0.0593,"AIC","N = 250, rho = 0.35"
250,0.35,"Backward AIC","X8",0.1762,0.0581,"AIC","N = 250, rho = 0.35"
250,0.35,"Backward AIC","X9",0.1725,0.0584,"AIC","N = 250, rho = 0.35"
250,0.35,"Backward BIC","X10",0.0242,0.0242,"BIC","N = 250, rho = 0.35"
250,0.35,"Backward BIC","X11",0.0257,0.0257,"BIC","N = 250, rho = 0.35"
250,0.35,"Backward BIC","X12",0.0246,0.0246,"BIC","N = 250, rho = 0.35"
250,0.35,"Backward BIC","X13",0.0216,0.0216,"BIC","N = 250, rho = 0.35"
250,0.35,"Backward BIC","X14",0.0217,0.0217,"BIC","N = 250, rho = 0.35"
250,0.35,"Backward BIC","X15",0.0228,0.0228,"BIC","N = 250, rho = 0.35"
250,0.35,"Backward BIC","X16",0.024,0.024,"BIC","N = 250, rho = 0.35"
250,0.35,"Backward BIC","X17",0.02,0.02,"BIC","N = 250, rho = 0.35"
250,0.35,"Backward BIC","X18",0.0247,0.0247,"BIC","N = 250, rho = 0.35"
250,0.35,"Backward BIC","X19",0.0257,0.0257,"BIC","N = 250, rho = 0.35"
250,0.35,"Backward BIC","X20",0.0244,0.0244,"BIC","N = 250, rho = 0.35"
250,0.35,"Backward BIC","X6",0.0268,0.0268,"BIC","N = 250, rho = 0.35"
250,0.35,"Backward BIC","X7",0.0225,0.0225,"BIC","N = 250, rho = 0.35"
250,0.35,"Backward BIC","X8",0.0228,0.0228,"BIC","N = 250, rho = 0.35"
250,0.35,"Backward BIC","X9",0.0231,0.0231,"BIC","N = 250, rho = 0.35"
250,0.35,"Backward p-value","X10",0.3062,0.06,"Backward","N = 250, rho = 0.35"
250,0.35,"Backward p-value","X11",0.3186,0.0627,"Backward","N = 250, rho = 0.35"
250,0.35,"Backward p-value","X12",0.3166,0.06,"Backward","N = 250, rho = 0.35"
250,0.35,"Backward p-value","X13",0.3076,0.0603,"Backward","N = 250, rho = 0.35"
250,0.35,"Backward p-value","X14",0.3184,0.0569,"Backward","N = 250, rho = 0.35"
250,0.35,"Backward p-value","X15",0.3146,0.0584,"Backward","N = 250, rho = 0.35"
250,0.35,"Backward p-value","X16",0.3135,0.0605,"Backward","N = 250, rho = 0.35"
250,0.35,"Backward p-value","X17",0.3173,0.0571,"Backward","N = 250, rho = 0.35"
250,0.35,"Backward p-value","X18",0.3179,0.0593,"Backward","N = 250, rho = 0.35"
250,0.35,"Backward p-value","X19",0.3169,0.0642,"Backward","N = 250, rho = 0.35"
250,0.35,"Backward p-value","X20",0.3127,0.059,"Backward","N = 250, rho = 0.35"
250,0.35,"Backward p-value","X6",0.316,0.063,"Backward","N = 250, rho = 0.35"
250,0.35,"Backward p-value","X7",0.3044,0.0598,"Backward","N = 250, rho = 0.35"
250,0.35,"Backward p-value","X8",0.3078,0.0591,"Backward","N = 250, rho = 0.35"
250,0.35,"Backward p-value","X9",0.3077,0.0547,"Backward","N = 250, rho = 0.35"
250,0.35,"Elastic net: lambda.1se","X10",0.2449,0.0089,"EN 1se","N = 250, rho = 0.35"
250,0.35,"Elastic net: lambda.1se","X11",0.2571,0.0114,"EN 1se","N = 250, rho = 0.35"
250,0.35,"Elastic net: lambda.1se","X12",0.2451,0.0088,"EN 1se","N = 250, rho = 0.35"
250,0.35,"Elastic net: lambda.1se","X13",0.2439,0.0095,"EN 1se","N = 250, rho = 0.35"
250,0.35,"Elastic net: lambda.1se","X14",0.2445,0.0079,"EN 1se","N = 250, rho = 0.35"
250,0.35,"Elastic net: lambda.1se","X15",0.2455,0.0097,"EN 1se","N = 250, rho = 0.35"
250,0.35,"Elastic net: lambda.1se","X16",0.2454,0.0091,"EN 1se","N = 250, rho = 0.35"
250,0.35,"Elastic net: lambda.1se","X17",0.2443,0.0076,"EN 1se","N = 250, rho = 0.35"
250,0.35,"Elastic net: lambda.1se","X18",0.2472,0.0101,"EN 1se","N = 250, rho = 0.35"
250,0.35,"Elastic net: lambda.1se","X19",0.2524,0.0104,"EN 1se","N = 250, rho = 0.35"
250,0.35,"Elastic net: lambda.1se","X20",0.2468,0.0108,"EN 1se","N = 250, rho = 0.35"
250,0.35,"Elastic net: lambda.1se","X6",0.2485,0.0108,"EN 1se","N = 250, rho = 0.35"
250,0.35,"Elastic net: lambda.1se","X7",0.2449,0.0085,"EN 1se","N = 250, rho = 0.35"
250,0.35,"Elastic net: lambda.1se","X8",0.2465,0.0083,"EN 1se","N = 250, rho = 0.35"
250,0.35,"Elastic net: lambda.1se","X9",0.2444,0.0098,"EN 1se","N = 250, rho = 0.35"
250,0.35,"Elastic net: lambda.min","X10",0.4199,0.0456,"EN min","N = 250, rho = 0.35"
250,0.35,"Elastic net: lambda.min","X11",0.4247,0.0481,"EN min","N = 250, rho = 0.35"
250,0.35,"Elastic net: lambda.min","X12",0.4238,0.0482,"EN min","N = 250, rho = 0.35"
250,0.35,"Elastic net: lambda.min","X13",0.4209,0.046,"EN min","N = 250, rho = 0.35"
250,0.35,"Elastic net: lambda.min","X14",0.4187,0.0456,"EN min","N = 250, rho = 0.35"
250,0.35,"Elastic net: lambda.min","X15",0.4159,0.0459,"EN min","N = 250, rho = 0.35"
250,0.35,"Elastic net: lambda.min","X16",0.42,0.0484,"EN min","N = 250, rho = 0.35"
250,0.35,"Elastic net: lambda.min","X17",0.4171,0.0448,"EN min","N = 250, rho = 0.35"
250,0.35,"Elastic net: lambda.min","X18",0.4171,0.0497,"EN min","N = 250, rho = 0.35"
250,0.35,"Elastic net: lambda.min","X19",0.4214,0.0514,"EN min","N = 250, rho = 0.35"
250,0.35,"Elastic net: lambda.min","X20",0.4173,0.0475,"EN min","N = 250, rho = 0.35"
250,0.35,"Elastic net: lambda.min","X6",0.4235,0.0508,"EN min","N = 250, rho = 0.35"
250,0.35,"Elastic net: lambda.min","X7",0.4193,0.0485,"EN min","N = 250, rho = 0.35"
250,0.35,"Elastic net: lambda.min","X8",0.4251,0.046,"EN min","N = 250, rho = 0.35"
250,0.35,"Elastic net: lambda.min","X9",0.416,0.0437,"EN min","N = 250, rho = 0.35"
250,0.35,"LASSO: lambda.1se","X10",0.1167,0.0129,"LASSO 1se","N = 250, rho = 0.35"
250,0.35,"LASSO: lambda.1se","X11",0.1278,0.0152,"LASSO 1se","N = 250, rho = 0.35"
250,0.35,"LASSO: lambda.1se","X12",0.118,0.0117,"LASSO 1se","N = 250, rho = 0.35"
250,0.35,"LASSO: lambda.1se","X13",0.1175,0.0124,"LASSO 1se","N = 250, rho = 0.35"
250,0.35,"LASSO: lambda.1se","X14",0.1196,0.0111,"LASSO 1se","N = 250, rho = 0.35"
250,0.35,"LASSO: lambda.1se","X15",0.1196,0.013,"LASSO 1se","N = 250, rho = 0.35"
250,0.35,"LASSO: lambda.1se","X16",0.1184,0.0125,"LASSO 1se","N = 250, rho = 0.35"
250,0.35,"LASSO: lambda.1se","X17",0.118,0.0118,"LASSO 1se","N = 250, rho = 0.35"
250,0.35,"LASSO: lambda.1se","X18",0.123,0.0133,"LASSO 1se","N = 250, rho = 0.35"
250,0.35,"LASSO: lambda.1se","X19",0.1237,0.0134,"LASSO 1se","N = 250, rho = 0.35"
250,0.35,"LASSO: lambda.1se","X20",0.118,0.0141,"LASSO 1se","N = 250, rho = 0.35"
250,0.35,"LASSO: lambda.1se","X6",0.12,0.0141,"LASSO 1se","N = 250, rho = 0.35"
250,0.35,"LASSO: lambda.1se","X7",0.117,0.0127,"LASSO 1se","N = 250, rho = 0.35"
250,0.35,"LASSO: lambda.1se","X8",0.1179,0.0117,"LASSO 1se","N = 250, rho = 0.35"
250,0.35,"LASSO: lambda.1se","X9",0.1177,0.0137,"LASSO 1se","N = 250, rho = 0.35"
250,0.35,"LASSO: lambda.min","X10",0.3505,0.0422,"LASSO min","N = 250, rho = 0.35"
250,0.35,"LASSO: lambda.min","X11",0.357,0.0442,"LASSO min","N = 250, rho = 0.35"
250,0.35,"LASSO: lambda.min","X12",0.353,0.0445,"LASSO min","N = 250, rho = 0.35"
250,0.35,"LASSO: lambda.min","X13",0.3537,0.0433,"LASSO min","N = 250, rho = 0.35"
250,0.35,"LASSO: lambda.min","X14",0.3501,0.0415,"LASSO min","N = 250, rho = 0.35"
250,0.35,"LASSO: lambda.min","X15",0.35,0.041,"LASSO min","N = 250, rho = 0.35"
250,0.35,"LASSO: lambda.min","X16",0.3495,0.0427,"LASSO min","N = 250, rho = 0.35"
250,0.35,"LASSO: lambda.min","X17",0.345,0.0411,"LASSO min","N = 250, rho = 0.35"
250,0.35,"LASSO: lambda.min","X18",0.3511,0.044,"LASSO min","N = 250, rho = 0.35"
250,0.35,"LASSO: lambda.min","X19",0.3569,0.0472,"LASSO min","N = 250, rho = 0.35"
250,0.35,"LASSO: lambda.min","X20",0.3469,0.0428,"LASSO min","N = 250, rho = 0.35"
250,0.35,"LASSO: lambda.min","X6",0.3556,0.0449,"LASSO min","N = 250, rho = 0.35"
250,0.35,"LASSO: lambda.min","X7",0.3469,0.0426,"LASSO min","N = 250, rho = 0.35"
250,0.35,"LASSO: lambda.min","X8",0.3506,0.0414,"LASSO min","N = 250, rho = 0.35"
250,0.35,"LASSO: lambda.min","X9",0.3416,0.0397,"LASSO min","N = 250, rho = 0.35"
250,0.7,"Backward AIC","X10",0.1827,0.0661,"AIC","N = 250, rho = 0.7"
250,0.7,"Backward AIC","X11",0.1843,0.0663,"AIC","N = 250, rho = 0.7"
250,0.7,"Backward AIC","X12",0.1836,0.0609,"AIC","N = 250, rho = 0.7"
250,0.7,"Backward AIC","X13",0.1766,0.0647,"AIC","N = 250, rho = 0.7"
250,0.7,"Backward AIC","X14",0.1788,0.0676,"AIC","N = 250, rho = 0.7"
250,0.7,"Backward AIC","X15",0.1852,0.0651,"AIC","N = 250, rho = 0.7"
250,0.7,"Backward AIC","X16",0.1889,0.0677,"AIC","N = 250, rho = 0.7"
250,0.7,"Backward AIC","X17",0.1794,0.0657,"AIC","N = 250, rho = 0.7"
250,0.7,"Backward AIC","X18",0.1827,0.065,"AIC","N = 250, rho = 0.7"
250,0.7,"Backward AIC","X19",0.1889,0.0647,"AIC","N = 250, rho = 0.7"
250,0.7,"Backward AIC","X20",0.1792,0.0628,"AIC","N = 250, rho = 0.7"
250,0.7,"Backward AIC","X6",0.1903,0.0669,"AIC","N = 250, rho = 0.7"
250,0.7,"Backward AIC","X7",0.1828,0.0628,"AIC","N = 250, rho = 0.7"
250,0.7,"Backward AIC","X8",0.1809,0.0678,"AIC","N = 250, rho = 0.7"
250,0.7,"Backward AIC","X9",0.179,0.06,"AIC","N = 250, rho = 0.7"
250,0.7,"Backward BIC","X10",0.0269,0.0269,"BIC","N = 250, rho = 0.7"
250,0.7,"Backward BIC","X11",0.0284,0.0284,"BIC","N = 250, rho = 0.7"
250,0.7,"Backward BIC","X12",0.0269,0.0269,"BIC","N = 250, rho = 0.7"
250,0.7,"Backward BIC","X13",0.0272,0.0272,"BIC","N = 250, rho = 0.7"
250,0.7,"Backward BIC","X14",0.0299,0.0299,"BIC","N = 250, rho = 0.7"
250,0.7,"Backward BIC","X15",0.0288,0.0288,"BIC","N = 250, rho = 0.7"
250,0.7,"Backward BIC","X16",0.0284,0.0284,"BIC","N = 250, rho = 0.7"
250,0.7,"Backward BIC","X17",0.0258,0.0258,"BIC","N = 250, rho = 0.7"
250,0.7,"Backward BIC","X18",0.0297,0.0297,"BIC","N = 250, rho = 0.7"
250,0.7,"Backward BIC","X19",0.0278,0.0278,"BIC","N = 250, rho = 0.7"
250,0.7,"Backward BIC","X20",0.0246,0.0246,"BIC","N = 250, rho = 0.7"
250,0.7,"Backward BIC","X6",0.0293,0.0293,"BIC","N = 250, rho = 0.7"
250,0.7,"Backward BIC","X7",0.0276,0.0276,"BIC","N = 250, rho = 0.7"
250,0.7,"Backward BIC","X8",0.0278,0.0278,"BIC","N = 250, rho = 0.7"
250,0.7,"Backward BIC","X9",0.0249,0.0249,"BIC","N = 250, rho = 0.7"
250,0.7,"Backward p-value","X10",0.3216,0.0642,"Backward","N = 250, rho = 0.7"
250,0.7,"Backward p-value","X11",0.3175,0.0625,"Backward","N = 250, rho = 0.7"
250,0.7,"Backward p-value","X12",0.3136,0.058,"Backward","N = 250, rho = 0.7"
250,0.7,"Backward p-value","X13",0.3112,0.0621,"Backward","N = 250, rho = 0.7"
250,0.7,"Backward p-value","X14",0.3113,0.0628,"Backward","N = 250, rho = 0.7"
250,0.7,"Backward p-value","X15",0.3213,0.0632,"Backward","N = 250, rho = 0.7"
250,0.7,"Backward p-value","X16",0.3262,0.0646,"Backward","N = 250, rho = 0.7"
250,0.7,"Backward p-value","X17",0.3165,0.0648,"Backward","N = 250, rho = 0.7"
250,0.7,"Backward p-value","X18",0.3145,0.0635,"Backward","N = 250, rho = 0.7"
250,0.7,"Backward p-value","X19",0.3207,0.0632,"Backward","N = 250, rho = 0.7"
250,0.7,"Backward p-value","X20",0.3124,0.0603,"Backward","N = 250, rho = 0.7"
250,0.7,"Backward p-value","X6",0.3275,0.0641,"Backward","N = 250, rho = 0.7"
250,0.7,"Backward p-value","X7",0.317,0.0606,"Backward","N = 250, rho = 0.7"
250,0.7,"Backward p-value","X8",0.3159,0.0647,"Backward","N = 250, rho = 0.7"
250,0.7,"Backward p-value","X9",0.3106,0.058,"Backward","N = 250, rho = 0.7"
250,0.7,"Elastic net: lambda.1se","X10",0.4116,0.0064,"EN 1se","N = 250, rho = 0.7"
250,0.7,"Elastic net: lambda.1se","X11",0.4146,0.0067,"EN 1se","N = 250, rho = 0.7"
250,0.7,"Elastic net: lambda.1se","X12",0.4013,0.0072,"EN 1se","N = 250, rho = 0.7"
250,0.7,"Elastic net: lambda.1se","X13",0.4121,0.0071,"EN 1se","N = 250, rho = 0.7"
250,0.7,"Elastic net: lambda.1se","X14",0.4114,0.0079,"EN 1se","N = 250, rho = 0.7"
250,0.7,"Elastic net: lambda.1se","X15",0.41,0.0068,"EN 1se","N = 250, rho = 0.7"
250,0.7,"Elastic net: lambda.1se","X16",0.424,0.0073,"EN 1se","N = 250, rho = 0.7"
250,0.7,"Elastic net: lambda.1se","X17",0.4117,0.0059,"EN 1se","N = 250, rho = 0.7"
250,0.7,"Elastic net: lambda.1se","X18",0.4059,0.0092,"EN 1se","N = 250, rho = 0.7"
250,0.7,"Elastic net: lambda.1se","X19",0.4124,0.0072,"EN 1se","N = 250, rho = 0.7"
250,0.7,"Elastic net: lambda.1se","X20",0.4197,0.0057,"EN 1se","N = 250, rho = 0.7"
250,0.7,"Elastic net: lambda.1se","X6",0.4163,0.0067,"EN 1se","N = 250, rho = 0.7"
250,0.7,"Elastic net: lambda.1se","X7",0.4127,0.0064,"EN 1se","N = 250, rho = 0.7"
250,0.7,"Elastic net: lambda.1se","X8",0.4206,0.0074,"EN 1se","N = 250, rho = 0.7"
250,0.7,"Elastic net: lambda.1se","X9",0.4175,0.0073,"EN 1se","N = 250, rho = 0.7"
250,0.7,"Elastic net: lambda.min","X10",0.4079,0.0382,"EN min","N = 250, rho = 0.7"
250,0.7,"Elastic net: lambda.min","X11",0.4055,0.039,"EN min","N = 250, rho = 0.7"
250,0.7,"Elastic net: lambda.min","X12",0.3943,0.0372,"EN min","N = 250, rho = 0.7"
250,0.7,"Elastic net: lambda.min","X13",0.4028,0.038,"EN min","N = 250, rho = 0.7"
250,0.7,"Elastic net: lambda.min","X14",0.4057,0.0406,"EN min","N = 250, rho = 0.7"
250,0.7,"Elastic net: lambda.min","X15",0.406,0.0412,"EN min","N = 250, rho = 0.7"
250,0.7,"Elastic net: lambda.min","X16",0.4137,0.0405,"EN min","N = 250, rho = 0.7"
250,0.7,"Elastic net: lambda.min","X17",0.4058,0.0397,"EN min","N = 250, rho = 0.7"
250,0.7,"Elastic net: lambda.min","X18",0.4028,0.0401,"EN min","N = 250, rho = 0.7"
250,0.7,"Elastic net: lambda.min","X19",0.4069,0.0386,"EN min","N = 250, rho = 0.7"
250,0.7,"Elastic net: lambda.min","X20",0.4134,0.0376,"EN min","N = 250, rho = 0.7"
250,0.7,"Elastic net: lambda.min","X6",0.4064,0.0378,"EN min","N = 250, rho = 0.7"
250,0.7,"Elastic net: lambda.min","X7",0.4049,0.039,"EN min","N = 250, rho = 0.7"
250,0.7,"Elastic net: lambda.min","X8",0.4088,0.0402,"EN min","N = 250, rho = 0.7"
250,0.7,"Elastic net: lambda.min","X9",0.4064,0.0357,"EN min","N = 250, rho = 0.7"
250,0.7,"LASSO: lambda.1se","X10",0.1981,0.0083,"LASSO 1se","N = 250, rho = 0.7"
250,0.7,"LASSO: lambda.1se","X11",0.1952,0.0083,"LASSO 1se","N = 250, rho = 0.7"
250,0.7,"LASSO: lambda.1se","X12",0.1952,0.0087,"LASSO 1se","N = 250, rho = 0.7"
250,0.7,"LASSO: lambda.1se","X13",0.1922,0.0085,"LASSO 1se","N = 250, rho = 0.7"
250,0.7,"LASSO: lambda.1se","X14",0.1984,0.0093,"LASSO 1se","N = 250, rho = 0.7"
250,0.7,"LASSO: lambda.1se","X15",0.1996,0.0081,"LASSO 1se","N = 250, rho = 0.7"
250,0.7,"LASSO: lambda.1se","X16",0.2078,0.0097,"LASSO 1se","N = 250, rho = 0.7"
250,0.7,"LASSO: lambda.1se","X17",0.1932,0.0076,"LASSO 1se","N = 250, rho = 0.7"
250,0.7,"LASSO: lambda.1se","X18",0.1947,0.0105,"LASSO 1se","N = 250, rho = 0.7"
250,0.7,"LASSO: lambda.1se","X19",0.2034,0.009,"LASSO 1se","N = 250, rho = 0.7"
250,0.7,"LASSO: lambda.1se","X20",0.1961,0.0072,"LASSO 1se","N = 250, rho = 0.7"
250,0.7,"LASSO: lambda.1se","X6",0.2049,0.0081,"LASSO 1se","N = 250, rho = 0.7"
250,0.7,"LASSO: lambda.1se","X7",0.201,0.0076,"LASSO 1se","N = 250, rho = 0.7"
250,0.7,"LASSO: lambda.1se","X8",0.1995,0.009,"LASSO 1se","N = 250, rho = 0.7"
250,0.7,"LASSO: lambda.1se","X9",0.193,0.0092,"LASSO 1se","N = 250, rho = 0.7"
250,0.7,"LASSO: lambda.min","X10",0.3553,0.0359,"LASSO min","N = 250, rho = 0.7"
250,0.7,"LASSO: lambda.min","X11",0.3555,0.0356,"LASSO min","N = 250, rho = 0.7"
250,0.7,"LASSO: lambda.min","X12",0.3441,0.0334,"LASSO min","N = 250, rho = 0.7"
250,0.7,"LASSO: lambda.min","X13",0.3493,0.0346,"LASSO min","N = 250, rho = 0.7"
250,0.7,"LASSO: lambda.min","X14",0.3507,0.039,"LASSO min","N = 250, rho = 0.7"
250,0.7,"LASSO: lambda.min","X15",0.3523,0.0355,"LASSO min","N = 250, rho = 0.7"
250,0.7,"LASSO: lambda.min","X16",0.3591,0.0369,"LASSO min","N = 250, rho = 0.7"
250,0.7,"LASSO: lambda.min","X17",0.3506,0.035,"LASSO min","N = 250, rho = 0.7"
250,0.7,"LASSO: lambda.min","X18",0.347,0.0367,"LASSO min","N = 250, rho = 0.7"
250,0.7,"LASSO: lambda.min","X19",0.3581,0.0369,"LASSO min","N = 250, rho = 0.7"
250,0.7,"LASSO: lambda.min","X20",0.3571,0.034,"LASSO min","N = 250, rho = 0.7"
250,0.7,"LASSO: lambda.min","X6",0.3599,0.0351,"LASSO min","N = 250, rho = 0.7"
250,0.7,"LASSO: lambda.min","X7",0.3569,0.0348,"LASSO min","N = 250, rho = 0.7"
250,0.7,"LASSO: lambda.min","X8",0.3553,0.0375,"LASSO min","N = 250, rho = 0.7"
250,0.7,"LASSO: lambda.min","X9",0.3517,0.0327,"LASSO min","N = 250, rho = 0.7"
500,0,"Backward AIC","X10",0.1723,0.0572,"AIC","N = 500, rho = 0"
500,0,"Backward AIC","X11",0.1653,0.0562,"AIC","N = 500, rho = 0"
500,0,"Backward AIC","X12",0.1618,0.0548,"AIC","N = 500, rho = 0"
500,0,"Backward AIC","X13",0.1683,0.0537,"AIC","N = 500, rho = 0"
500,0,"Backward AIC","X14",0.1701,0.053,"AIC","N = 500, rho = 0"
500,0,"Backward AIC","X15",0.1717,0.0537,"AIC","N = 500, rho = 0"
500,0,"Backward AIC","X16",0.1647,0.0511,"AIC","N = 500, rho = 0"
500,0,"Backward AIC","X17",0.1647,0.0487,"AIC","N = 500, rho = 0"
500,0,"Backward AIC","X18",0.1659,0.0526,"AIC","N = 500, rho = 0"
500,0,"Backward AIC","X19",0.165,0.0551,"AIC","N = 500, rho = 0"
500,0,"Backward AIC","X20",0.1682,0.055,"AIC","N = 500, rho = 0"
500,0,"Backward AIC","X6",0.1677,0.0524,"AIC","N = 500, rho = 0"
500,0,"Backward AIC","X7",0.1687,0.0535,"AIC","N = 500, rho = 0"
500,0,"Backward AIC","X8",0.1581,0.0528,"AIC","N = 500, rho = 0"
500,0,"Backward AIC","X9",0.1623,0.0499,"AIC","N = 500, rho = 0"
500,0,"Backward BIC","X10",0.0138,0.0138,"BIC","N = 500, rho = 0"
500,0,"Backward BIC","X11",0.0134,0.0134,"BIC","N = 500, rho = 0"
500,0,"Backward BIC","X12",0.0144,0.0144,"BIC","N = 500, rho = 0"
500,0,"Backward BIC","X13",0.0133,0.0133,"BIC","N = 500, rho = 0"
500,0,"Backward BIC","X14",0.015,0.015,"BIC","N = 500, rho = 0"
500,0,"Backward BIC","X15",0.0132,0.0132,"BIC","N = 500, rho = 0"
500,0,"Backward BIC","X16",0.0144,0.0144,"BIC","N = 500, rho = 0"
500,0,"Backward BIC","X17",0.0128,0.0128,"BIC","N = 500, rho = 0"
500,0,"Backward BIC","X18",0.0128,0.0128,"BIC","N = 500, rho = 0"
500,0,"Backward BIC","X19",0.0141,0.0141,"BIC","N = 500, rho = 0"
500,0,"Backward BIC","X20",0.0125,0.0125,"BIC","N = 500, rho = 0"
500,0,"Backward BIC","X6",0.0146,0.0146,"BIC","N = 500, rho = 0"
500,0,"Backward BIC","X7",0.0137,0.0137,"BIC","N = 500, rho = 0"
500,0,"Backward BIC","X8",0.0141,0.0141,"BIC","N = 500, rho = 0"
500,0,"Backward BIC","X9",0.0111,0.0111,"BIC","N = 500, rho = 0"
500,0,"Backward p-value","X10",0.3211,0.0573,"Backward","N = 500, rho = 0"
500,0,"Backward p-value","X11",0.3091,0.0561,"Backward","N = 500, rho = 0"
500,0,"Backward p-value","X12",0.3028,0.0547,"Backward","N = 500, rho = 0"
500,0,"Backward p-value","X13",0.3084,0.0536,"Backward","N = 500, rho = 0"
500,0,"Backward p-value","X14",0.3015,0.054,"Backward","N = 500, rho = 0"
500,0,"Backward p-value","X15",0.3119,0.0538,"Backward","N = 500, rho = 0"
500,0,"Backward p-value","X16",0.304,0.0527,"Backward","N = 500, rho = 0"
500,0,"Backward p-value","X17",0.3023,0.0485,"Backward","N = 500, rho = 0"
500,0,"Backward p-value","X18",0.3091,0.0537,"Backward","N = 500, rho = 0"
500,0,"Backward p-value","X19",0.3013,0.0566,"Backward","N = 500, rho = 0"
500,0,"Backward p-value","X20",0.3097,0.0567,"Backward","N = 500, rho = 0"
500,0,"Backward p-value","X6",0.3104,0.0517,"Backward","N = 500, rho = 0"
500,0,"Backward p-value","X7",0.3078,0.0527,"Backward","N = 500, rho = 0"
500,0,"Backward p-value","X8",0.2961,0.0528,"Backward","N = 500, rho = 0"
500,0,"Backward p-value","X9",0.3027,0.051,"Backward","N = 500, rho = 0"
500,0,"Elastic net: lambda.1se","X10",0.0542,0.0382,"EN 1se","N = 500, rho = 0"
500,0,"Elastic net: lambda.1se","X11",0.051,0.0355,"EN 1se","N = 500, rho = 0"
500,0,"Elastic net: lambda.1se","X12",0.0478,0.0356,"EN 1se","N = 500, rho = 0"
500,0,"Elastic net: lambda.1se","X13",0.0477,0.0341,"EN 1se","N = 500, rho = 0"
500,0,"Elastic net: lambda.1se","X14",0.0487,0.0355,"EN 1se","N = 500, rho = 0"
500,0,"Elastic net: lambda.1se","X15",0.0482,0.0344,"EN 1se","N = 500, rho = 0"
500,0,"Elastic net: lambda.1se","X16",0.0498,0.0347,"EN 1se","N = 500, rho = 0"
500,0,"Elastic net: lambda.1se","X17",0.0457,0.0308,"EN 1se","N = 500, rho = 0"
500,0,"Elastic net: lambda.1se","X18",0.0502,0.0349,"EN 1se","N = 500, rho = 0"
500,0,"Elastic net: lambda.1se","X19",0.0479,0.0361,"EN 1se","N = 500, rho = 0"
500,0,"Elastic net: lambda.1se","X20",0.0491,0.0336,"EN 1se","N = 500, rho = 0"
500,0,"Elastic net: lambda.1se","X6",0.0484,0.0346,"EN 1se","N = 500, rho = 0"
500,0,"Elastic net: lambda.1se","X7",0.0508,0.0364,"EN 1se","N = 500, rho = 0"
500,0,"Elastic net: lambda.1se","X8",0.0481,0.0341,"EN 1se","N = 500, rho = 0"
500,0,"Elastic net: lambda.1se","X9",0.0448,0.0305,"EN 1se","N = 500, rho = 0"
500,0,"Elastic net: lambda.min","X10",0.5126,0.0553,"EN min","N = 500, rho = 0"
500,0,"Elastic net: lambda.min","X11",0.4992,0.0549,"EN min","N = 500, rho = 0"
500,0,"Elastic net: lambda.min","X12",0.5018,0.0534,"EN min","N = 500, rho = 0"
500,0,"Elastic net: lambda.min","X13",0.5038,0.0511,"EN min","N = 500, rho = 0"
500,0,"Elastic net: lambda.min","X14",0.5006,0.0532,"EN min","N = 500, rho = 0"
500,0,"Elastic net: lambda.min","X15",0.5076,0.0514,"EN min","N = 500, rho = 0"
500,0,"Elastic net: lambda.min","X16",0.4991,0.0528,"EN min","N = 500, rho = 0"
500,0,"Elastic net: lambda.min","X17",0.5009,0.0467,"EN min","N = 500, rho = 0"
500,0,"Elastic net: lambda.min","X18",0.5057,0.0516,"EN min","N = 500, rho = 0"
500,0,"Elastic net: lambda.min","X19",0.5029,0.0539,"EN min","N = 500, rho = 0"
500,0,"Elastic net: lambda.min","X20",0.5054,0.0543,"EN min","N = 500, rho = 0"
500,0,"Elastic net: lambda.min","X6",0.5069,0.0512,"EN min","N = 500, rho = 0"
500,0,"Elastic net: lambda.min","X7",0.5089,0.0503,"EN min","N = 500, rho = 0"
500,0,"Elastic net: lambda.min","X8",0.4935,0.0509,"EN min","N = 500, rho = 0"
500,0,"Elastic net: lambda.min","X9",0.5013,0.0493,"EN min","N = 500, rho = 0"
500,0,"LASSO: lambda.1se","X10",0.0213,0.0194,"LASSO 1se","N = 500, rho = 0"
500,0,"LASSO: lambda.1se","X11",0.0204,0.018,"LASSO 1se","N = 500, rho = 0"
500,0,"LASSO: lambda.1se","X12",0.0221,0.0202,"LASSO 1se","N = 500, rho = 0"
500,0,"LASSO: lambda.1se","X13",0.0202,0.0172,"LASSO 1se","N = 500, rho = 0"
500,0,"LASSO: lambda.1se","X14",0.0211,0.0188,"LASSO 1se","N = 500, rho = 0"
500,0,"LASSO: lambda.1se","X15",0.0181,0.0169,"LASSO 1se","N = 500, rho = 0"
500,0,"LASSO: lambda.1se","X16",0.019,0.0166,"LASSO 1se","N = 500, rho = 0"
500,0,"LASSO: lambda.1se","X17",0.0192,0.0169,"LASSO 1se","N = 500, rho = 0"
500,0,"LASSO: lambda.1se","X18",0.0207,0.0184,"LASSO 1se","N = 500, rho = 0"
500,0,"LASSO: lambda.1se","X19",0.0207,0.0186,"LASSO 1se","N = 500, rho = 0"
500,0,"LASSO: lambda.1se","X20",0.019,0.0175,"LASSO 1se","N = 500, rho = 0"
500,0,"LASSO: lambda.1se","X6",0.0204,0.0187,"LASSO 1se","N = 500, rho = 0"
500,0,"LASSO: lambda.1se","X7",0.0199,0.0176,"LASSO 1se","N = 500, rho = 0"
500,0,"LASSO: lambda.1se","X8",0.0196,0.0173,"LASSO 1se","N = 500, rho = 0"
500,0,"LASSO: lambda.1se","X9",0.0175,0.0158,"LASSO 1se","N = 500, rho = 0"
500,0,"LASSO: lambda.min","X10",0.4124,0.0559,"LASSO min","N = 500, rho = 0"
500,0,"LASSO: lambda.min","X11",0.4044,0.0546,"LASSO min","N = 500, rho = 0"
500,0,"LASSO: lambda.min","X12",0.4008,0.0532,"LASSO min","N = 500, rho = 0"
500,0,"LASSO: lambda.min","X13",0.4049,0.052,"LASSO min","N = 500, rho = 0"
500,0,"LASSO: lambda.min","X14",0.4031,0.0542,"LASSO min","N = 500, rho = 0"
500,0,"LASSO: lambda.min","X15",0.4068,0.0518,"LASSO min","N = 500, rho = 0"
500,0,"LASSO: lambda.min","X16",0.4007,0.0518,"LASSO min","N = 500, rho = 0"
500,0,"LASSO: lambda.min","X17",0.3968,0.0471,"LASSO min","N = 500, rho = 0"
500,0,"LASSO: lambda.min","X18",0.406,0.0508,"LASSO min","N = 500, rho = 0"
500,0,"LASSO: lambda.min","X19",0.4029,0.0545,"LASSO min","N = 500, rho = 0"
500,0,"LASSO: lambda.min","X20",0.4056,0.0537,"LASSO min","N = 500, rho = 0"
500,0,"LASSO: lambda.min","X6",0.4104,0.0521,"LASSO min","N = 500, rho = 0"
500,0,"LASSO: lambda.min","X7",0.4089,0.05,"LASSO min","N = 500, rho = 0"
500,0,"LASSO: lambda.min","X8",0.3929,0.0507,"LASSO min","N = 500, rho = 0"
500,0,"LASSO: lambda.min","X9",0.4021,0.0491,"LASSO min","N = 500, rho = 0"
500,0.35,"Backward AIC","X10",0.1762,0.0635,"AIC","N = 500, rho = 0.35"
500,0.35,"Backward AIC","X11",0.1711,0.0574,"AIC","N = 500, rho = 0.35"
500,0.35,"Backward AIC","X12",0.1774,0.0625,"AIC","N = 500, rho = 0.35"
500,0.35,"Backward AIC","X13",0.1668,0.0572,"AIC","N = 500, rho = 0.35"
500,0.35,"Backward AIC","X14",0.1744,0.0579,"AIC","N = 500, rho = 0.35"
500,0.35,"Backward AIC","X15",0.1706,0.0592,"AIC","N = 500, rho = 0.35"
500,0.35,"Backward AIC","X16",0.1689,0.0567,"AIC","N = 500, rho = 0.35"
500,0.35,"Backward AIC","X17",0.1696,0.0559,"AIC","N = 500, rho = 0.35"
500,0.35,"Backward AIC","X18",0.1738,0.0569,"AIC","N = 500, rho = 0.35"
500,0.35,"Backward AIC","X19",0.1612,0.0521,"AIC","N = 500, rho = 0.35"
500,0.35,"Backward AIC","X20",0.1747,0.055,"AIC","N = 500, rho = 0.35"
500,0.35,"Backward AIC","X6",0.168,0.0562,"AIC","N = 500, rho = 0.35"
500,0.35,"Backward AIC","X7",0.1752,0.0599,"AIC","N = 500, rho = 0.35"
500,0.35,"Backward AIC","X8",0.1639,0.055,"AIC","N = 500, rho = 0.35"
500,0.35,"Backward AIC","X9",0.1677,0.0569,"AIC","N = 500, rho = 0.35"
500,0.35,"Backward BIC","X10",0.0162,0.0162,"BIC","N = 500, rho = 0.35"
500,0.35,"Backward BIC","X11",0.0156,0.0156,"BIC","N = 500, rho = 0.35"
500,0.35,"Backward BIC","X12",0.0157,0.0157,"BIC","N = 500, rho = 0.35"
500,0.35,"Backward BIC","X13",0.0142,0.0142,"BIC","N = 500, rho = 0.35"
500,0.35,"Backward BIC","X14",0.0143,0.0143,"BIC","N = 500, rho = 0.35"
500,0.35,"Backward BIC","X15",0.0164,0.0164,"BIC","N = 500, rho = 0.35"
500,0.35,"Backward BIC","X16",0.0148,0.0148,"BIC","N = 500, rho = 0.35"
500,0.35,"Backward BIC","X17",0.0159,0.0159,"BIC","N = 500, rho = 0.35"
500,0.35,"Backward BIC","X18",0.015,0.015,"BIC","N = 500, rho = 0.35"
500,0.35,"Backward BIC","X19",0.013,0.013,"BIC","N = 500, rho = 0.35"
500,0.35,"Backward BIC","X20",0.0151,0.0151,"BIC","N = 500, rho = 0.35"
500,0.35,"Backward BIC","X6",0.015,0.015,"BIC","N = 500, rho = 0.35"
500,0.35,"Backward BIC","X7",0.0155,0.0155,"BIC","N = 500, rho = 0.35"
500,0.35,"Backward BIC","X8",0.0127,0.0127,"BIC","N = 500, rho = 0.35"
500,0.35,"Backward BIC","X9",0.0148,0.0148,"BIC","N = 500, rho = 0.35"
500,0.35,"Backward p-value","X10",0.3131,0.0623,"Backward","N = 500, rho = 0.35"
500,0.35,"Backward p-value","X11",0.3073,0.0564,"Backward","N = 500, rho = 0.35"
500,0.35,"Backward p-value","X12",0.3123,0.06,"Backward","N = 500, rho = 0.35"
500,0.35,"Backward p-value","X13",0.3099,0.0563,"Backward","N = 500, rho = 0.35"
500,0.35,"Backward p-value","X14",0.3174,0.0575,"Backward","N = 500, rho = 0.35"
500,0.35,"Backward p-value","X15",0.3091,0.0568,"Backward","N = 500, rho = 0.35"
500,0.35,"Backward p-value","X16",0.3032,0.0565,"Backward","N = 500, rho = 0.35"
500,0.35,"Backward p-value","X17",0.3087,0.0554,"Backward","N = 500, rho = 0.35"
500,0.35,"Backward p-value","X18",0.3139,0.0584,"Backward","N = 500, rho = 0.35"
500,0.35,"Backward p-value","X19",0.2964,0.0514,"Backward","N = 500, rho = 0.35"
500,0.35,"Backward p-value","X20",0.3142,0.0553,"Backward","N = 500, rho = 0.35"
500,0.35,"Backward p-value","X6",0.3033,0.0563,"Backward","N = 500, rho = 0.35"
500,0.35,"Backward p-value","X7",0.3137,0.0614,"Backward","N = 500, rho = 0.35"
500,0.35,"Backward p-value","X8",0.3086,0.053,"Backward","N = 500, rho = 0.35"
500,0.35,"Backward p-value","X9",0.3107,0.0564,"Backward","N = 500, rho = 0.35"
500,0.35,"Elastic net: lambda.1se","X10",0.2408,0.0095,"EN 1se","N = 500, rho = 0.35"
500,0.35,"Elastic net: lambda.1se","X11",0.2386,0.0101,"EN 1se","N = 500, rho = 0.35"
500,0.35,"Elastic net: lambda.1se","X12",0.2369,0.0097,"EN 1se","N = 500, rho = 0.35"
500,0.35,"Elastic net: lambda.1se","X13",0.2481,0.0093,"EN 1se","N = 500, rho = 0.35"
500,0.35,"Elastic net: lambda.1se","X14",0.2351,0.009,"EN 1se","N = 500, rho = 0.35"
500,0.35,"Elastic net: lambda.1se","X15",0.2416,0.0102,"EN 1se","N = 500, rho = 0.35"
500,0.35,"Elastic net: lambda.1se","X16",0.2444,0.0089,"EN 1se","N = 500, rho = 0.35"
500,0.35,"Elastic net: lambda.1se","X17",0.238,0.0097,"EN 1se","N = 500, rho = 0.35"
500,0.35,"Elastic net: lambda.1se","X18",0.236,0.0101,"EN 1se","N = 500, rho = 0.35"
500,0.35,"Elastic net: lambda.1se","X19",0.2327,0.008,"EN 1se","N = 500, rho = 0.35"
500,0.35,"Elastic net: lambda.1se","X20",0.236,0.0086,"EN 1se","N = 500, rho = 0.35"
500,0.35,"Elastic net: lambda.1se","X6",0.2357,0.0085,"EN 1se","N = 500, rho = 0.35"
500,0.35,"Elastic net: lambda.1se","X7",0.2463,0.0092,"EN 1se","N = 500, rho = 0.35"
500,0.35,"Elastic net: lambda.1se","X8",0.2382,0.0085,"EN 1se","N = 500, rho = 0.35"
500,0.35,"Elastic net: lambda.1se","X9",0.2449,0.0095,"EN 1se","N = 500, rho = 0.35"
500,0.35,"Elastic net: lambda.min","X10",0.428,0.0533,"EN min","N = 500, rho = 0.35"
500,0.35,"Elastic net: lambda.min","X11",0.4269,0.0491,"EN min","N = 500, rho = 0.35"
500,0.35,"Elastic net: lambda.min","X12",0.4273,0.0525,"EN min","N = 500, rho = 0.35"
500,0.35,"Elastic net: lambda.min","X13",0.4355,0.0458,"EN min","N = 500, rho = 0.35"
500,0.35,"Elastic net: lambda.min","X14",0.426,0.0502,"EN min","N = 500, rho = 0.35"
500,0.35,"Elastic net: lambda.min","X15",0.4321,0.0495,"EN min","N = 500, rho = 0.35"
500,0.35,"Elastic net: lambda.min","X16",0.4294,0.0484,"EN min","N = 500, rho = 0.35"
500,0.35,"Elastic net: lambda.min","X17",0.4232,0.0467,"EN min","N = 500, rho = 0.35"
500,0.35,"Elastic net: lambda.min","X18",0.4249,0.051,"EN min","N = 500, rho = 0.35"
500,0.35,"Elastic net: lambda.min","X19",0.4215,0.0433,"EN min","N = 500, rho = 0.35"
500,0.35,"Elastic net: lambda.min","X20",0.4302,0.0494,"EN min","N = 500, rho = 0.35"
500,0.35,"Elastic net: lambda.min","X6",0.4273,0.047,"EN min","N = 500, rho = 0.35"
500,0.35,"Elastic net: lambda.min","X7",0.4388,0.0525,"EN min","N = 500, rho = 0.35"
500,0.35,"Elastic net: lambda.min","X8",0.4239,0.0458,"EN min","N = 500, rho = 0.35"
500,0.35,"Elastic net: lambda.min","X9",0.432,0.0509,"EN min","N = 500, rho = 0.35"
500,0.35,"LASSO: lambda.1se","X10",0.0955,0.0146,"LASSO 1se","N = 500, rho = 0.35"
500,0.35,"LASSO: lambda.1se","X11",0.0965,0.0148,"LASSO 1se","N = 500, rho = 0.35"
500,0.35,"LASSO: lambda.1se","X12",0.0976,0.0137,"LASSO 1se","N = 500, rho = 0.35"
500,0.35,"LASSO: lambda.1se","X13",0.1019,0.014,"LASSO 1se","N = 500, rho = 0.35"
500,0.35,"LASSO: lambda.1se","X14",0.0945,0.0125,"LASSO 1se","N = 500, rho = 0.35"
500,0.35,"LASSO: lambda.1se","X15",0.0977,0.0142,"LASSO 1se","N = 500, rho = 0.35"
500,0.35,"LASSO: lambda.1se","X16",0.0991,0.013,"LASSO 1se","N = 500, rho = 0.35"
500,0.35,"LASSO: lambda.1se","X17",0.096,0.0148,"LASSO 1se","N = 500, rho = 0.35"
500,0.35,"LASSO: lambda.1se","X18",0.0945,0.0139,"LASSO 1se","N = 500, rho = 0.35"
500,0.35,"LASSO: lambda.1se","X19",0.0909,0.0115,"LASSO 1se","N = 500, rho = 0.35"
500,0.35,"LASSO: lambda.1se","X20",0.0918,0.0126,"LASSO 1se","N = 500, rho = 0.35"
500,0.35,"LASSO: lambda.1se","X6",0.0952,0.013,"LASSO 1se","N = 500, rho = 0.35"
500,0.35,"LASSO: lambda.1se","X7",0.1044,0.0135,"LASSO 1se","N = 500, rho = 0.35"
500,0.35,"LASSO: lambda.1se","X8",0.093,0.0137,"LASSO 1se","N = 500, rho = 0.35"
500,0.35,"LASSO: lambda.1se","X9",0.0971,0.0129,"LASSO 1se","N = 500, rho = 0.35"
500,0.35,"LASSO: lambda.min","X10",0.3564,0.0483,"LASSO min","N = 500, rho = 0.35"
500,0.35,"LASSO: lambda.min","X11",0.35,0.0445,"LASSO min","N = 500, rho = 0.35"
500,0.35,"LASSO: lambda.min","X12",0.3567,0.0471,"LASSO min","N = 500, rho = 0.35"
500,0.35,"LASSO: lambda.min","X13",0.3638,0.0403,"LASSO min","N = 500, rho = 0.35"
500,0.35,"LASSO: lambda.min","X14",0.3518,0.046,"LASSO min","N = 500, rho = 0.35"
500,0.35,"LASSO: lambda.min","X15",0.3531,0.0456,"LASSO min","N = 500, rho = 0.35"
500,0.35,"LASSO: lambda.min","X16",0.3584,0.0435,"LASSO min","N = 500, rho = 0.35"
500,0.35,"LASSO: lambda.min","X17",0.3509,0.042,"LASSO min","N = 500, rho = 0.35"
500,0.35,"LASSO: lambda.min","X18",0.3531,0.0473,"LASSO min","N = 500, rho = 0.35"
500,0.35,"LASSO: lambda.min","X19",0.3446,0.0386,"LASSO min","N = 500, rho = 0.35"
500,0.35,"LASSO: lambda.min","X20",0.3577,0.0449,"LASSO min","N = 500, rho = 0.35"
500,0.35,"LASSO: lambda.min","X6",0.3522,0.0416,"LASSO min","N = 500, rho = 0.35"
500,0.35,"LASSO: lambda.min","X7",0.3645,0.0455,"LASSO min","N = 500, rho = 0.35"
500,0.35,"LASSO: lambda.min","X8",0.3587,0.0406,"LASSO min","N = 500, rho = 0.35"
500,0.35,"LASSO: lambda.min","X9",0.3628,0.0451,"LASSO min","N = 500, rho = 0.35"
500,0.7,"Backward AIC","X10",0.1713,0.0609,"AIC","N = 500, rho = 0.7"
500,0.7,"Backward AIC","X11",0.1655,0.0582,"AIC","N = 500, rho = 0.7"
500,0.7,"Backward AIC","X12",0.1682,0.0598,"AIC","N = 500, rho = 0.7"
500,0.7,"Backward AIC","X13",0.1676,0.0591,"AIC","N = 500, rho = 0.7"
500,0.7,"Backward AIC","X14",0.1755,0.0612,"AIC","N = 500, rho = 0.7"
500,0.7,"Backward AIC","X15",0.1677,0.0573,"AIC","N = 500, rho = 0.7"
500,0.7,"Backward AIC","X16",0.1734,0.0604,"AIC","N = 500, rho = 0.7"
500,0.7,"Backward AIC","X17",0.1711,0.0575,"AIC","N = 500, rho = 0.7"
500,0.7,"Backward AIC","X18",0.168,0.0565,"AIC","N = 500, rho = 0.7"
500,0.7,"Backward AIC","X19",0.1736,0.0585,"AIC","N = 500, rho = 0.7"
500,0.7,"Backward AIC","X20",0.1764,0.0613,"AIC","N = 500, rho = 0.7"
500,0.7,"Backward AIC","X6",0.1723,0.0626,"AIC","N = 500, rho = 0.7"
500,0.7,"Backward AIC","X7",0.1756,0.0609,"AIC","N = 500, rho = 0.7"
500,0.7,"Backward AIC","X8",0.173,0.0609,"AIC","N = 500, rho = 0.7"
500,0.7,"Backward AIC","X9",0.1686,0.0597,"AIC","N = 500, rho = 0.7"
500,0.7,"Backward BIC","X10",0.0183,0.0183,"BIC","N = 500, rho = 0.7"
500,0.7,"Backward BIC","X11",0.0163,0.0163,"BIC","N = 500, rho = 0.7"
500,0.7,"Backward BIC","X12",0.0184,0.0184,"BIC","N = 500, rho = 0.7"
500,0.7,"Backward BIC","X13",0.0159,0.0159,"BIC","N = 500, rho = 0.7"
500,0.7,"Backward BIC","X14",0.0173,0.0173,"BIC","N = 500, rho = 0.7"
500,0.7,"Backward BIC","X15",0.0157,0.0157,"BIC","N = 500, rho = 0.7"
500,0.7,"Backward BIC","X16",0.0175,0.0175,"BIC","N = 500, rho = 0.7"
500,0.7,"Backward BIC","X17",0.0179,0.0179,"BIC","N = 500, rho = 0.7"
500,0.7,"Backward BIC","X18",0.0151,0.0151,"BIC","N = 500, rho = 0.7"
500,0.7,"Backward BIC","X19",0.0168,0.0168,"BIC","N = 500, rho = 0.7"
500,0.7,"Backward BIC","X20",0.0193,0.0193,"BIC","N = 500, rho = 0.7"
500,0.7,"Backward BIC","X6",0.0188,0.0188,"BIC","N = 500, rho = 0.7"
500,0.7,"Backward BIC","X7",0.0172,0.0172,"BIC","N = 500, rho = 0.7"
500,0.7,"Backward BIC","X8",0.0174,0.0174,"BIC","N = 500, rho = 0.7"
500,0.7,"Backward BIC","X9",0.0189,0.0189,"BIC","N = 500, rho = 0.7"
500,0.7,"Backward p-value","X10",0.3099,0.0588,"Backward","N = 500, rho = 0.7"
500,0.7,"Backward p-value","X11",0.301,0.057,"Backward","N = 500, rho = 0.7"
500,0.7,"Backward p-value","X12",0.3084,0.0581,"Backward","N = 500, rho = 0.7"
500,0.7,"Backward p-value","X13",0.3067,0.0584,"Backward","N = 500, rho = 0.7"
500,0.7,"Backward p-value","X14",0.3096,0.0582,"Backward","N = 500, rho = 0.7"
500,0.7,"Backward p-value","X15",0.3058,0.0559,"Backward","N = 500, rho = 0.7"
500,0.7,"Backward p-value","X16",0.308,0.059,"Backward","N = 500, rho = 0.7"
500,0.7,"Backward p-value","X17",0.3047,0.0588,"Backward","N = 500, rho = 0.7"
500,0.7,"Backward p-value","X18",0.3008,0.0538,"Backward","N = 500, rho = 0.7"
500,0.7,"Backward p-value","X19",0.3142,0.0567,"Backward","N = 500, rho = 0.7"
500,0.7,"Backward p-value","X20",0.3107,0.0597,"Backward","N = 500, rho = 0.7"
500,0.7,"Backward p-value","X6",0.3064,0.0583,"Backward","N = 500, rho = 0.7"
500,0.7,"Backward p-value","X7",0.309,0.0573,"Backward","N = 500, rho = 0.7"
500,0.7,"Backward p-value","X8",0.3122,0.0601,"Backward","N = 500, rho = 0.7"
500,0.7,"Backward p-value","X9",0.3051,0.0596,"Backward","N = 500, rho = 0.7"
500,0.7,"Elastic net: lambda.1se","X10",0.4316,0.0077,"EN 1se","N = 500, rho = 0.7"
500,0.7,"Elastic net: lambda.1se","X11",0.4275,0.0067,"EN 1se","N = 500, rho = 0.7"
500,0.7,"Elastic net: lambda.1se","X12",0.4323,0.0072,"EN 1se","N = 500, rho = 0.7"
500,0.7,"Elastic net: lambda.1se","X13",0.4356,0.0074,"EN 1se","N = 500, rho = 0.7"
500,0.7,"Elastic net: lambda.1se","X14",0.4408,0.0084,"EN 1se","N = 500, rho = 0.7"
500,0.7,"Elastic net: lambda.1se","X15",0.4315,0.0071,"EN 1se","N = 500, rho = 0.7"
500,0.7,"Elastic net: lambda.1se","X16",0.4364,0.0078,"EN 1se","N = 500, rho = 0.7"
500,0.7,"Elastic net: lambda.1se","X17",0.4319,0.007,"EN 1se","N = 500, rho = 0.7"
500,0.7,"Elastic net: lambda.1se","X18",0.4311,0.007,"EN 1se","N = 500, rho = 0.7"
500,0.7,"Elastic net: lambda.1se","X19",0.4293,0.006,"EN 1se","N = 500, rho = 0.7"
500,0.7,"Elastic net: lambda.1se","X20",0.4346,0.0065,"EN 1se","N = 500, rho = 0.7"
500,0.7,"Elastic net: lambda.1se","X6",0.4476,0.0067,"EN 1se","N = 500, rho = 0.7"
500,0.7,"Elastic net: lambda.1se","X7",0.4433,0.008,"EN 1se","N = 500, rho = 0.7"
500,0.7,"Elastic net: lambda.1se","X8",0.4403,0.0068,"EN 1se","N = 500, rho = 0.7"
500,0.7,"Elastic net: lambda.1se","X9",0.4371,0.0074,"EN 1se","N = 500, rho = 0.7"
500,0.7,"Elastic net: lambda.min","X10",0.4079,0.0437,"EN min","N = 500, rho = 0.7"
500,0.7,"Elastic net: lambda.min","X11",0.4068,0.0408,"EN min","N = 500, rho = 0.7"
500,0.7,"Elastic net: lambda.min","X12",0.4087,0.0403,"EN min","N = 500, rho = 0.7"
500,0.7,"Elastic net: lambda.min","X13",0.4141,0.0421,"EN min","N = 500, rho = 0.7"
500,0.7,"Elastic net: lambda.min","X14",0.4265,0.0433,"EN min","N = 500, rho = 0.7"
500,0.7,"Elastic net: lambda.min","X15",0.4102,0.0399,"EN min","N = 500, rho = 0.7"
500,0.7,"Elastic net: lambda.min","X16",0.4132,0.0405,"EN min","N = 500, rho = 0.7"
500,0.7,"Elastic net: lambda.min","X17",0.41,0.0413,"EN min","N = 500, rho = 0.7"
500,0.7,"Elastic net: lambda.min","X18",0.4136,0.0377,"EN min","N = 500, rho = 0.7"
500,0.7,"Elastic net: lambda.min","X19",0.4109,0.0392,"EN min","N = 500, rho = 0.7"
500,0.7,"Elastic net: lambda.min","X20",0.4179,0.041,"EN min","N = 500, rho = 0.7"
500,0.7,"Elastic net: lambda.min","X6",0.419,0.0406,"EN min","N = 500, rho = 0.7"
500,0.7,"Elastic net: lambda.min","X7",0.4127,0.0393,"EN min","N = 500, rho = 0.7"
500,0.7,"Elastic net: lambda.min","X8",0.4213,0.0411,"EN min","N = 500, rho = 0.7"
500,0.7,"Elastic net: lambda.min","X9",0.4105,0.0406,"EN min","N = 500, rho = 0.7"
500,0.7,"LASSO: lambda.1se","X10",0.1806,0.009,"LASSO 1se","N = 500, rho = 0.7"
500,0.7,"LASSO: lambda.1se","X11",0.1773,0.0081,"LASSO 1se","N = 500, rho = 0.7"
500,0.7,"LASSO: lambda.1se","X12",0.1784,0.0088,"LASSO 1se","N = 500, rho = 0.7"
500,0.7,"LASSO: lambda.1se","X13",0.1772,0.0083,"LASSO 1se","N = 500, rho = 0.7"
500,0.7,"LASSO: lambda.1se","X14",0.1864,0.0096,"LASSO 1se","N = 500, rho = 0.7"
500,0.7,"LASSO: lambda.1se","X15",0.1786,0.0081,"LASSO 1se","N = 500, rho = 0.7"
500,0.7,"LASSO: lambda.1se","X16",0.1785,0.0099,"LASSO 1se","N = 500, rho = 0.7"
500,0.7,"LASSO: lambda.1se","X17",0.1798,0.0087,"LASSO 1se","N = 500, rho = 0.7"
500,0.7,"LASSO: lambda.1se","X18",0.1781,0.0081,"LASSO 1se","N = 500, rho = 0.7"
500,0.7,"LASSO: lambda.1se","X19",0.1804,0.0072,"LASSO 1se","N = 500, rho = 0.7"
500,0.7,"LASSO: lambda.1se","X20",0.1794,0.0082,"LASSO 1se","N = 500, rho = 0.7"
500,0.7,"LASSO: lambda.1se","X6",0.1852,0.0087,"LASSO 1se","N = 500, rho = 0.7"
500,0.7,"LASSO: lambda.1se","X7",0.1854,0.0094,"LASSO 1se","N = 500, rho = 0.7"
500,0.7,"LASSO: lambda.1se","X8",0.1916,0.0077,"LASSO 1se","N = 500, rho = 0.7"
500,0.7,"LASSO: lambda.1se","X9",0.1814,0.0093,"LASSO 1se","N = 500, rho = 0.7"
500,0.7,"LASSO: lambda.min","X10",0.3524,0.0357,"LASSO min","N = 500, rho = 0.7"
500,0.7,"LASSO: lambda.min","X11",0.3491,0.0345,"LASSO min","N = 500, rho = 0.7"
500,0.7,"LASSO: lambda.min","X12",0.3526,0.034,"LASSO min","N = 500, rho = 0.7"
500,0.7,"LASSO: lambda.min","X13",0.3527,0.0369,"LASSO min","N = 500, rho = 0.7"
500,0.7,"LASSO: lambda.min","X14",0.3626,0.0369,"LASSO min","N = 500, rho = 0.7"
500,0.7,"LASSO: lambda.min","X15",0.3513,0.0347,"LASSO min","N = 500, rho = 0.7"
500,0.7,"LASSO: lambda.min","X16",0.3564,0.0348,"LASSO min","N = 500, rho = 0.7"
500,0.7,"LASSO: lambda.min","X17",0.3553,0.0367,"LASSO min","N = 500, rho = 0.7"
500,0.7,"LASSO: lambda.min","X18",0.3534,0.033,"LASSO min","N = 500, rho = 0.7"
500,0.7,"LASSO: lambda.min","X19",0.3572,0.0356,"LASSO min","N = 500, rho = 0.7"
500,0.7,"LASSO: lambda.min","X20",0.3553,0.0369,"LASSO min","N = 500, rho = 0.7"
500,0.7,"LASSO: lambda.min","X6",0.3636,0.0353,"LASSO min","N = 500, rho = 0.7"
500,0.7,"LASSO: lambda.min","X7",0.3594,0.0355,"LASSO min","N = 500, rho = 0.7"
500,0.7,"LASSO: lambda.min","X8",0.3614,0.0368,"LASSO min","N = 500, rho = 0.7"
500,0.7,"LASSO: lambda.min","X9",0.354,0.0342,"LASSO min","N = 500, rho = 0.7"
