"sample_size","rho","method","mean_TP","mean_FP","mean_FN","mean_TN","mean_model_size","mcse_model_size","mean_true_positive_rate","mcse_true_positive_rate","mean_false_positive_rate","mcse_false_positive_rate","mean_true_negative_rate","mcse_true_negative_rate","mean_false_negative_rate","mcse_false_negative_rate","exact_model_recovery","mcse_exact_model_recovery"
250,0,"Backward AIC",4.8803,2.6296,0.1197,12.3704,7.5099,0.0157345148160231,0.97606,0.000649253257965871,0.175306666666667,0.00102918353059682,0.824693333333333,0.00102918353059682,0.02394,0.000649253257965871,0.0607,0.00238779207637516
250,0,"Backward BIC",4.6047,0.3287,0.3953,14.6713,4.9334,0.00761985893734408,0.92094,0.000982775775455664,0.0219133333333333,0.000389467122585551,0.978086666666667,0.000389467122585551,0.07906,0.000982775775455664,0.4393,0.00496301833565019
250,0,"Backward p-value",4.9324,4.6785,0.0676,10.3215,9.6109,0.0183848829039496,0.98648,0.000502141588217369,0.3119,0.00121725942402755,0.6881,0.00121725942402755,0.01352,0.000502141588217369,0.0047,0.000683952483729681
250,0,"Elastic net: lambda.1se",4.7047,1.1655,0.2953,13.8345,5.8702,0.0155833077344957,0.94094,0.000918518376299984,0.0777,0.000932548579739547,0.9223,0.000932548579739547,0.05906,0.000918518376299985,0.2515,0.00433875270094989
250,0,"Elastic net: lambda.min",4.9608,7.3781,0.0392,7.6219,12.3389,0.0304883196119969,0.99216,0.000388160413811977,0.491873333333333,0.00201367025164097,0.508126666666667,0.00201367025164097,0.00784,0.000388160413811977,0.0023,0.000479031314216513
250,0,"LASSO: lambda.1se",4.5813,0.5737,0.4187,14.4263,5.155,0.0120071610796107,0.91626,0.00100561541666614,0.0382466666666667,0.00065505380830234,0.961753333333333,0.00065505380830234,0.08374,0.00100561541666614,0.3243,0.00468112710786622
250,0,"LASSO: lambda.min",4.9383,5.995,0.0617,9.005,10.9333,0.0317349306219843,0.98766,0.000481243804697739,0.399666666666667,0.00208475449077232,0.600333333333333,0.00208475449077232,0.01234,0.000481243804697739,0.0105,0.00101930123123638
250,0.35,"Backward AIC",4.7696,2.6731,0.2304,12.3269,7.4427,0.0160598089262069,0.95392,0.0008436436057088,0.178206666666667,0.00104236501563316,0.821793333333333,0.00104236501563316,0.04608,0.0008436436057088,0.0525,0.00223033069296909
250,0.35,"Backward BIC",4.4436,0.3546,0.5564,14.6454,4.7982,0.00769243741341689,0.88872,0.00101478033973555,0.02364,0.000408191855563023,0.97636,0.000408191855563023,0.11128,0.00101478033973555,0.332,0.00470930992821666
250,0.35,"Backward p-value",4.8601,4.6962,0.1399,10.3038,9.5563,0.0185622597425172,0.97202,0.000693801193433393,0.31308,0.0012206447848176,0.68692,0.0012206447848176,0.02798,0.000693801193433394,0.004,0.00063118935352238
250,0.35,"Elastic net: lambda.1se",4.9121,3.7014,0.0879,11.2986,8.6135,0.0177342387861033,0.98242,0.00056632714277462,0.24676,0.00117502693961921,0.75324,0.00117502693961921,0.01758,0.00056632714277462,0.017,0.00129271033104868
250,0.35,"Elastic net: lambda.min",4.9526,6.3007,0.0474,8.6993,11.2533,0.0266856726261931,0.99052,0.000425007085943647,0.420046666666667,0.00177265482366018,0.579953333333333,0.00177265482366018,0.00948,0.000425007085943647,0.0016,0.000399679871897498
250,0.35,"LASSO: lambda.1se",4.7936,1.7929,0.2064,13.2071,6.5865,0.0151925921582082,0.95872,0.000809482356922383,0.119526666666667,0.000963285667064595,0.880473333333333,0.000963285667064595,0.04128,0.000809482356922383,0.147,0.00354105916358369
250,0.35,"LASSO: lambda.min",4.9356,5.2584,0.0644,9.7416,10.194,0.0269916515783213,0.98712,0.000490952811852979,0.35056,0.00178675966857145,0.64944,0.00178675966857145,0.01288,0.000490952811852979,0.0074,0.000857043756175844
250,0.7,"Backward AIC",4.4855,2.7433,0.5145,12.2567,7.2288,0.0162459671655742,0.8971,0.00109182334093972,0.182886666666667,0.0010319872381798,0.817113333333333,0.0010319872381798,0.1029,0.00109182334093972,0.0319,0.00175733861278924
250,0.7,"Backward BIC",4.0243,0.414,0.9757,14.586,4.4383,0.00765540146022086,0.80486,0.00104792550058937,0.0276,0.000437694517880258,0.9724,0.000437694517880258,0.19514,0.00104792550058937,0.1036,0.00304740939159805
250,0.7,"Backward p-value",4.6402,4.7578,0.3598,10.2422,9.398,0.0187359201394099,0.92804,0.00100233542670643,0.317186666666667,0.00121323632341761,0.682813333333333,0.00121323632341761,0.07196,0.00100233542670643,0.0027,0.000518913287553903
250,0.7,"Elastic net: lambda.1se",4.8804,6.2018,0.1196,8.7982,11.0822,0.0188827956615857,0.97608,0.00065025044603157,0.413453333333333,0.00125088925220461,0.586546666666667,0.00125088925220461,0.02392,0.000650250446031571,2e-04,0.000141407213394508
250,0.7,"Elastic net: lambda.min",4.8479,6.0913,0.1521,8.9087,10.9392,0.0246416528890761,0.96958,0.000720495851082532,0.406086666666667,0.00162493875520014,0.593913333333333,0.00162493875520014,0.03042,0.000720495851082532,9e-04,0.000299864969611324
250,0.7,"LASSO: lambda.1se",4.6883,2.9723,0.3117,12.0277,7.6606,0.0172351521329783,0.93766,0.000946077135435911,0.198153333333333,0.00111527028537822,0.801846666666667,0.00111527028537822,0.06234,0.000946077135435911,0.0368,0.00188270443777031
250,0.7,"LASSO: lambda.min",4.8125,5.3029,0.1875,9.6971,10.1154,0.0254140290250706,0.9625,0.000786280372184355,0.353526666666667,0.00166826294061002,0.646473333333333,0.00166826294061002,0.0375,0.000786280372184355,0.0031,0.000555912762940374
500,0,"Backward AIC",4.9891,2.4948,0.0109,12.5052,7.4839,0.0149698526595576,0.99782,0.000207675402749798,0.16632,0.000995812583796762,0.83368,0.000995812583796762,0.00218,0.000207675402749798,0.0705,0.00255987792677698
500,0,"Backward BIC",4.8917,0.2032,0.1083,14.7968,5.0949,0.00550203837160595,0.97834,0.000621548929938127,0.0135466666666667,0.000303410593125923,0.986453333333333,0.000303410593125923,0.02166,0.000621548929938127,0.7292,0.00444372996479309
500,0,"Backward p-value",4.9957,4.5982,0.0043,10.4018,9.5939,0.0182825519053117,0.99914,0.000130873040674073,0.306546666666667,0.00121846730847148,0.693453333333333,0.00121846730847148,0.00086,0.000130873040674073,0.0045,0.000669309345519693
500,0,"Elastic net: lambda.1se",4.9206,0.7324,0.0794,14.2676,5.653,0.0112397390171355,0.98412,0.000540751145334079,0.0488266666666667,0.000709147654375474,0.951173333333333,0.000709147654375474,0.01588,0.000540751145334079,0.4978,0.00499995159976574
500,0,"Elastic net: lambda.min",4.9978,7.5502,0.0022,7.4498,12.548,0.0299773158229084,0.99956,9.37097548380913e-05,0.503346666666667,0.0019972400376239,0.496653333333333,0.0019972400376239,0.00044,9.37097548380913e-05,0.0017,0.000411959949509658
500,0,"LASSO: lambda.1se",4.8338,0.2992,0.1662,14.7008,5.133,0.0082618354977922,0.96676,0.000744557369561041,0.0199466666666667,0.000461845261597563,0.980053333333333,0.000461845261597563,0.03324,0.000744557369561041,0.6359,0.00481176880159469
500,0,"LASSO: lambda.min",4.996,6.0587,0.004,8.9413,11.0547,0.0311776842597326,0.9992,0.000126244183071443,0.403913333333333,0.00207623850400705,0.596086666666667,0.00207623850400705,8e-04,0.000126244183071443,0.0101,0.000999899494949367
500,0.35,"Backward AIC",4.9517,2.5595,0.0483,12.4405,7.5112,0.0150721655052385,0.99034,0.000428820275503466,0.170633333333333,0.000998595484426188,0.829366666666667,0.000998595484426189,0.00966,0.000428820275503466,0.0679,0.00251574223639863
500,0.35,"Backward BIC",4.7549,0.2242,0.2451,14.7758,4.9791,0.00620404448862205,0.95098,0.000860335967978661,0.0149466666666667,0.000321771247776758,0.985053333333333,0.000321771247776758,0.04902,0.000860335967978661,0.6208,0.00485187963577004
500,0.35,"Backward p-value",4.9768,4.6418,0.0232,10.3582,9.6186,0.0183533944737444,0.99536,0.000301091523644491,0.309453333333333,0.001219549534822,0.690546666666667,0.001219549534822,0.00464,0.000301091523644491,0.0046,0.000676671264352196
500,0.35,"Elastic net: lambda.1se",4.9879,3.5933,0.0121,11.4067,8.5812,0.0176893173185038,0.99758,0.000218675883247768,0.239553333333333,0.00117919143122114,0.760446666666667,0.00117919143122114,0.00242,0.000218675883247768,0.0238,0.00152425588402997
500,0.35,"Elastic net: lambda.min",4.9958,6.427,0.0042,8.573,11.4228,0.0272425812254122,0.99916,0.000129348804058295,0.428466666666667,0.00181585766712043,0.571533333333333,0.00181585766712043,0.00084,0.000129348804058295,0.0019,0.000435475602072033
500,0.35,"LASSO: lambda.1se",4.946,1.4457,0.054,13.5543,6.3917,0.0133568316413418,0.9892,0.000452058000309213,0.09638,0.00087483934077349,0.90362,0.00087483934077349,0.0108,0.000452058000309213,0.2603,0.0043879825660547
500,0.35,"LASSO: lambda.min",4.9921,5.3347,0.0079,9.6653,10.3268,0.0274334729034359,0.99842,0.000177069182382296,0.355646666666667,0.00182732679224432,0.644353333333333,0.00182732679224432,0.00158,0.000177069182382296,0.0076,0.0008684607072286
500,0.7,"Backward AIC",4.7612,2.5678,0.2388,12.4322,7.329,0.0153577174719616,0.95224,0.000854149399765469,0.171186666666667,0.000991525057101712,0.828813333333333,0.000991525057101712,0.04776,0.00085414939976547,0.0547,0.00227393733422889
500,0.7,"Backward BIC",4.3729,0.2608,0.6271,14.7392,4.6337,0.00684522583350405,0.87458,0.000990898858640379,0.0173866666666667,0.00034332354742565,0.982613333333333,0.00034332354742565,0.12542,0.000990898858640379,0.3072,0.00461333025048067
500,0.7,"Backward p-value",4.8526,4.6125,0.1474,10.3875,9.4651,0.018057984607392,0.97052,0.000709043887445222,0.3075,0.00118735204104588,0.6925,0.00118735204104588,0.02948,0.000709043887445222,0.0051,0.000712319450808414
500,0.7,"Elastic net: lambda.1se",4.9695,6.5309,0.0305,8.4691,11.5004,0.0184844299726862,0.9939,0.000343934338330601,0.435393333333333,0.00123363736950908,0.564606666666667,0.00123363736950908,0.0061,0.000343934338330601,0,0
500,0.7,"Elastic net: lambda.min",4.9539,6.2033,0.0461,8.7967,11.1572,0.0248187512385556,0.99078,0.000419424309828564,0.413553333333333,0.00164961697751513,0.586446666666667,0.00164961697751513,0.00922,0.000419424309828564,9e-04,0.000299864969611324
500,0.7,"LASSO: lambda.1se",4.8692,2.7183,0.1308,12.2817,7.5875,0.0164116211609613,0.97384,0.000674396708986713,0.18122,0.00108201633400139,0.81878,0.00108201633400139,0.02616,0.000674396708986713,0.0616,0.00240427619045733
500,0.7,"LASSO: lambda.min",4.9383,5.3367,0.0617,9.6633,10.275,0.0252250100121489,0.98766,0.000481243804697739,0.35578,0.00167259778870496,0.64422,0.00167259778870496,0.01234,0.000481243804697739,0.0051,0.000712319450808414
