"n","rho","method","variable","true_positive_rate","type_II_error"
250,0,"AIC","X1",0.8819,0.1181
250,0,"AIC","X2",1,0
250,0,"AIC","X3",1,0
250,0,"AIC","X4",1,0
250,0,"AIC","X5",1,0
250,0,"BIC","X1",0.6135,0.3865
250,0,"BIC","X2",0.9966,0.00339999999999996
250,0,"BIC","X3",1,0
250,0,"BIC","X4",1,0
250,0,"BIC","X5",1,0
250,0,"Backward p-value","X1",0.9332,0.0668
250,0,"Backward p-value","X2",1,0
250,0,"Backward p-value","X3",1,0
250,0,"Backward p-value","X4",1,0
250,0,"Backward p-value","X5",1,0
250,0,"Elastic Net lambda.1se","X1",0.7177,0.2823
250,0,"Elastic Net lambda.1se","X2",0.9975,0.00249999999999995
250,0,"Elastic Net lambda.1se","X3",1,0
250,0,"Elastic Net lambda.1se","X4",1,0
250,0,"Elastic Net lambda.1se","X5",1,0
250,0,"Elastic Net lambda.min","X1",0.9604,0.0396
250,0,"Elastic Net lambda.min","X2",1,0
250,0,"Elastic Net lambda.min","X3",1,0
250,0,"Elastic Net lambda.min","X4",1,0
250,0,"Elastic Net lambda.min","X5",1,0
250,0,"LASSO lambda.1se","X1",0.5937,0.4063
250,0,"LASSO lambda.1se","X2",0.9923,0.00770000000000004
250,0,"LASSO lambda.1se","X3",1,0
250,0,"LASSO lambda.1se","X4",1,0
250,0,"LASSO lambda.1se","X5",1,0
250,0,"LASSO lambda.min","X1",0.942,0.0580000000000001
250,0,"LASSO lambda.min","X2",1,0
250,0,"LASSO lambda.min","X3",1,0
250,0,"LASSO lambda.min","X4",1,0
250,0,"LASSO lambda.min","X5",1,0
250,0.35,"AIC","X1",0.7841,0.2159
250,0.35,"AIC","X2",0.9978,0.00219999999999998
250,0.35,"AIC","X3",1,0
250,0.35,"AIC","X4",1,0
250,0.35,"AIC","X5",1,0
250,0.35,"BIC","X1",0.4687,0.5313
250,0.35,"BIC","X2",0.9827,0.0173
250,0.35,"BIC","X3",0.9999,9.9999999999989e-05
250,0.35,"BIC","X4",1,0
250,0.35,"BIC","X5",1,0
250,0.35,"Backward p-value","X1",0.8672,0.1328
250,0.35,"Backward p-value","X2",0.999,0.001
250,0.35,"Backward p-value","X3",1,0
250,0.35,"Backward p-value","X4",1,0
250,0.35,"Backward p-value","X5",1,0
250,0.35,"Elastic Net lambda.1se","X1",0.9184,0.0816
250,0.35,"Elastic Net lambda.1se","X2",0.9995,0.000499999999999945
250,0.35,"Elastic Net lambda.1se","X3",1,0
250,0.35,"Elastic Net lambda.1se","X4",1,0
250,0.35,"Elastic Net lambda.1se","X5",1,0
250,0.35,"Elastic Net lambda.min","X1",0.9581,0.0419
250,0.35,"Elastic Net lambda.min","X2",0.9997,0.000299999999999967
250,0.35,"Elastic Net lambda.min","X3",1,0
250,0.35,"Elastic Net lambda.min","X4",1,0
250,0.35,"Elastic Net lambda.min","X5",1,0
250,0.35,"LASSO lambda.1se","X1",0.8049,0.1951
250,0.35,"LASSO lambda.1se","X2",0.998,0.002
250,0.35,"LASSO lambda.1se","X3",1,0
250,0.35,"LASSO lambda.1se","X4",1,0
250,0.35,"LASSO lambda.1se","X5",1,0
250,0.35,"LASSO lambda.min","X1",0.9408,0.0592
250,0.35,"LASSO lambda.min","X2",0.9996,0.000399999999999956
250,0.35,"LASSO lambda.min","X3",1,0
250,0.35,"LASSO lambda.min","X4",1,0
250,0.35,"LASSO lambda.min","X5",1,0
250,0.7,"AIC","X1",0.5577,0.4423
250,0.7,"AIC","X2",0.9386,0.0614
250,0.7,"AIC","X3",0.9976,0.00239999999999996
250,0.7,"AIC","X4",1,0
250,0.7,"AIC","X5",1,0
250,0.7,"BIC","X1",0.2547,0.7453
250,0.7,"BIC","X2",0.7991,0.2009
250,0.7,"BIC","X3",0.9876,0.0124
250,0.7,"BIC","X4",0.9999,9.9999999999989e-05
250,0.7,"BIC","X5",1,0
250,0.7,"Backward p-value","X1",0.6829,0.3171
250,0.7,"Backward p-value","X2",0.9692,0.0308
250,0.7,"Backward p-value","X3",0.9986,0.00139999999999996
250,0.7,"Backward p-value","X4",1,0
250,0.7,"Backward p-value","X5",1,0
250,0.7,"Elastic Net lambda.1se","X1",0.8929,0.1071
250,0.7,"Elastic Net lambda.1se","X2",0.9973,0.00270000000000004
250,0.7,"Elastic Net lambda.1se","X3",1,0
250,0.7,"Elastic Net lambda.1se","X4",1,0
250,0.7,"Elastic Net lambda.1se","X5",1,0
250,0.7,"Elastic Net lambda.min","X1",0.8614,0.1386
250,0.7,"Elastic Net lambda.min","X2",0.9957,0.00429999999999997
250,0.7,"Elastic Net lambda.min","X3",0.9999,9.9999999999989e-05
250,0.7,"Elastic Net lambda.min","X4",1,0
250,0.7,"Elastic Net lambda.min","X5",1,0
250,0.7,"LASSO lambda.1se","X1",0.7198,0.2802
250,0.7,"LASSO lambda.1se","X2",0.9803,0.0197000000000001
250,0.7,"LASSO lambda.1se","X3",0.9996,0.000399999999999956
250,0.7,"LASSO lambda.1se","X4",1,0
250,0.7,"LASSO lambda.1se","X5",1,0
250,0.7,"LASSO lambda.min","X1",0.8311,0.1689
250,0.7,"LASSO lambda.min","X2",0.9924,0.00760000000000005
250,0.7,"LASSO lambda.min","X3",0.9998,0.000199999999999978
250,0.7,"LASSO lambda.min","X4",1,0
250,0.7,"LASSO lambda.min","X5",1,0
500,0,"AIC","X1",0.9891,0.0109
500,0,"AIC","X2",1,0
500,0,"AIC","X3",1,0
500,0,"AIC","X4",1,0
500,0,"AIC","X5",1,0
500,0,"BIC","X1",0.8849,0.1151
500,0,"BIC","X2",1,0
500,0,"BIC","X3",1,0
500,0,"BIC","X4",1,0
500,0,"BIC","X5",1,0
500,0,"Backward p-value","X1",0.9956,0.00439999999999996
500,0,"Backward p-value","X2",1,0
500,0,"Backward p-value","X3",1,0
500,0,"Backward p-value","X4",1,0
500,0,"Backward p-value","X5",1,0
500,0,"Elastic Net lambda.1se","X1",0.9172,0.0828
500,0,"Elastic Net lambda.1se","X2",1,0
500,0,"Elastic Net lambda.1se","X3",1,0
500,0,"Elastic Net lambda.1se","X4",1,0
500,0,"Elastic Net lambda.1se","X5",1,0
500,0,"Elastic Net lambda.min","X1",0.9972,0.00280000000000002
500,0,"Elastic Net lambda.min","X2",1,0
500,0,"Elastic Net lambda.min","X3",1,0
500,0,"Elastic Net lambda.min","X4",1,0
500,0,"Elastic Net lambda.min","X5",1,0
500,0,"LASSO lambda.1se","X1",0.8223,0.1777
500,0,"LASSO lambda.1se","X2",1,0
500,0,"LASSO lambda.1se","X3",1,0
500,0,"LASSO lambda.1se","X4",1,0
500,0,"LASSO lambda.1se","X5",1,0
500,0,"LASSO lambda.min","X1",0.9958,0.00419999999999998
500,0,"LASSO lambda.min","X2",1,0
500,0,"LASSO lambda.min","X3",1,0
500,0,"LASSO lambda.min","X4",1,0
500,0,"LASSO lambda.min","X5",1,0
500,0.35,"AIC","X1",0.9566,0.0434
500,0.35,"AIC","X2",1,0
500,0.35,"AIC","X3",1,0
500,0.35,"AIC","X4",1,0
500,0.35,"AIC","X5",1,0
500,0.35,"BIC","X1",0.7639,0.2361
500,0.35,"BIC","X2",0.9999,9.9999999999989e-05
500,0.35,"BIC","X3",1,0
500,0.35,"BIC","X4",1,0
500,0.35,"BIC","X5",1,0
500,0.35,"Backward p-value","X1",0.9805,0.0195
500,0.35,"Backward p-value","X2",1,0
500,0.35,"Backward p-value","X3",1,0
500,0.35,"Backward p-value","X4",1,0
500,0.35,"Backward p-value","X5",1,0
500,0.35,"Elastic Net lambda.1se","X1",0.99,0.01
500,0.35,"Elastic Net lambda.1se","X2",1,0
500,0.35,"Elastic Net lambda.1se","X3",1,0
500,0.35,"Elastic Net lambda.1se","X4",1,0
500,0.35,"Elastic Net lambda.1se","X5",1,0
500,0.35,"Elastic Net lambda.min","X1",0.996,0.004
500,0.35,"Elastic Net lambda.min","X2",1,0
500,0.35,"Elastic Net lambda.min","X3",1,0
500,0.35,"Elastic Net lambda.min","X4",1,0
500,0.35,"Elastic Net lambda.min","X5",1,0
500,0.35,"LASSO lambda.1se","X1",0.9499,0.0501
500,0.35,"LASSO lambda.1se","X2",1,0
500,0.35,"LASSO lambda.1se","X3",1,0
500,0.35,"LASSO lambda.1se","X4",1,0
500,0.35,"LASSO lambda.1se","X5",1,0
500,0.35,"LASSO lambda.min","X1",0.994,0.00600000000000001
500,0.35,"LASSO lambda.min","X2",1,0
500,0.35,"LASSO lambda.min","X3",1,0
500,0.35,"LASSO lambda.min","X4",1,0
500,0.35,"LASSO lambda.min","X5",1,0
500,0.7,"AIC","X1",0.7635,0.2365
500,0.7,"AIC","X2",0.9965,0.00349999999999995
500,0.7,"AIC","X3",1,0
500,0.7,"AIC","X4",1,0
500,0.7,"AIC","X5",1,0
500,0.7,"BIC","X1",0.4057,0.5943
500,0.7,"BIC","X2",0.9746,0.0254
500,0.7,"BIC","X3",1,0
500,0.7,"BIC","X4",1,0
500,0.7,"BIC","X5",1,0
500,0.7,"Backward p-value","X1",0.8514,0.1486
500,0.7,"Backward p-value","X2",0.999,0.001
500,0.7,"Backward p-value","X3",1,0
500,0.7,"Backward p-value","X4",1,0
500,0.7,"Backward p-value","X5",1,0
500,0.7,"Elastic Net lambda.1se","X1",0.9696,0.0304
500,0.7,"Elastic Net lambda.1se","X2",1,0
500,0.7,"Elastic Net lambda.1se","X3",1,0
500,0.7,"Elastic Net lambda.1se","X4",1,0
500,0.7,"Elastic Net lambda.1se","X5",1,0
500,0.7,"Elastic Net lambda.min","X1",0.9539,0.0461
500,0.7,"Elastic Net lambda.min","X2",1,0
500,0.7,"Elastic Net lambda.min","X3",1,0
500,0.7,"Elastic Net lambda.min","X4",1,0
500,0.7,"Elastic Net lambda.min","X5",1,0
500,0.7,"LASSO lambda.1se","X1",0.8699,0.1301
500,0.7,"LASSO lambda.1se","X2",0.999,0.001
500,0.7,"LASSO lambda.1se","X3",1,0
500,0.7,"LASSO lambda.1se","X4",1,0
500,0.7,"LASSO lambda.1se","X5",1,0
500,0.7,"LASSO lambda.min","X1",0.9401,0.0599
500,0.7,"LASSO lambda.min","X2",0.9998,0.000199999999999978
500,0.7,"LASSO lambda.min","X3",1,0
500,0.7,"LASSO lambda.min","X4",1,0
500,0.7,"LASSO lambda.min","X5",1,0
