"n","rho","method","variable","false_positive_rate"
250,0,"AIC","X10",0.1785
250,0,"AIC","X11",0.1695
250,0,"AIC","X12",0.1728
250,0,"AIC","X13",0.1682
250,0,"AIC","X14",0.1748
250,0,"AIC","X15",0.1757
250,0,"AIC","X16",0.1805
250,0,"AIC","X17",0.1752
250,0,"AIC","X18",0.1759
250,0,"AIC","X19",0.1736
250,0,"AIC","X20",0.1707
250,0,"AIC","X6",0.1792
250,0,"AIC","X7",0.1736
250,0,"AIC","X8",0.1742
250,0,"AIC","X9",0.1828
250,0,"BIC","X10",0.0216
250,0,"BIC","X11",0.0205
250,0,"BIC","X12",0.0221
250,0,"BIC","X13",0.0187
250,0,"BIC","X14",0.0213
250,0,"BIC","X15",0.022
250,0,"BIC","X16",0.0236
250,0,"BIC","X17",0.0207
250,0,"BIC","X18",0.0199
250,0,"BIC","X19",0.0218
250,0,"BIC","X20",0.0243
250,0,"BIC","X6",0.0222
250,0,"BIC","X7",0.0199
250,0,"BIC","X8",0.0228
250,0,"BIC","X9",0.0216
250,0,"Backward p-value","X10",0.3113
250,0,"Backward p-value","X11",0.3034
250,0,"Backward p-value","X12",0.313
250,0,"Backward p-value","X13",0.3049
250,0,"Backward p-value","X14",0.3097
250,0,"Backward p-value","X15",0.3066
250,0,"Backward p-value","X16",0.3129
250,0,"Backward p-value","X17",0.3125
250,0,"Backward p-value","X18",0.3065
250,0,"Backward p-value","X19",0.3086
250,0,"Backward p-value","X20",0.3104
250,0,"Backward p-value","X6",0.312
250,0,"Backward p-value","X7",0.309
250,0,"Backward p-value","X8",0.3099
250,0,"Backward p-value","X9",0.3181
250,0,"Elastic Net lambda.1se","X10",0.0784
250,0,"Elastic Net lambda.1se","X11",0.0718
250,0,"Elastic Net lambda.1se","X12",0.0767
250,0,"Elastic Net lambda.1se","X13",0.0768
250,0,"Elastic Net lambda.1se","X14",0.0759
250,0,"Elastic Net lambda.1se","X15",0.0761
250,0,"Elastic Net lambda.1se","X16",0.0849
250,0,"Elastic Net lambda.1se","X17",0.0772
250,0,"Elastic Net lambda.1se","X18",0.0752
250,0,"Elastic Net lambda.1se","X19",0.0762
250,0,"Elastic Net lambda.1se","X20",0.0769
250,0,"Elastic Net lambda.1se","X6",0.0818
250,0,"Elastic Net lambda.1se","X7",0.0781
250,0,"Elastic Net lambda.1se","X8",0.0731
250,0,"Elastic Net lambda.1se","X9",0.0792
250,0,"Elastic Net lambda.min","X10",0.4998
250,0,"Elastic Net lambda.min","X11",0.489
250,0,"Elastic Net lambda.min","X12",0.4906
250,0,"Elastic Net lambda.min","X13",0.4861
250,0,"Elastic Net lambda.min","X14",0.4877
250,0,"Elastic Net lambda.min","X15",0.4852
250,0,"Elastic Net lambda.min","X16",0.4994
250,0,"Elastic Net lambda.min","X17",0.4945
250,0,"Elastic Net lambda.min","X18",0.4914
250,0,"Elastic Net lambda.min","X19",0.4872
250,0,"Elastic Net lambda.min","X20",0.4879
250,0,"Elastic Net lambda.min","X6",0.4959
250,0,"Elastic Net lambda.min","X7",0.4856
250,0,"Elastic Net lambda.min","X8",0.4903
250,0,"Elastic Net lambda.min","X9",0.4983
250,0,"LASSO lambda.1se","X10",0.0399
250,0,"LASSO lambda.1se","X11",0.0353
250,0,"LASSO lambda.1se","X12",0.0371
250,0,"LASSO lambda.1se","X13",0.0373
250,0,"LASSO lambda.1se","X14",0.0396
250,0,"LASSO lambda.1se","X15",0.0379
250,0,"LASSO lambda.1se","X16",0.0437
250,0,"LASSO lambda.1se","X17",0.0372
250,0,"LASSO lambda.1se","X18",0.0369
250,0,"LASSO lambda.1se","X19",0.0401
250,0,"LASSO lambda.1se","X20",0.0381
250,0,"LASSO lambda.1se","X6",0.0397
250,0,"LASSO lambda.1se","X7",0.0378
250,0,"LASSO lambda.1se","X8",0.0382
250,0,"LASSO lambda.1se","X9",0.0385
250,0,"LASSO lambda.min","X10",0.4063
250,0,"LASSO lambda.min","X11",0.3927
250,0,"LASSO lambda.min","X12",0.3939
250,0,"LASSO lambda.min","X13",0.3889
250,0,"LASSO lambda.min","X14",0.3961
250,0,"LASSO lambda.min","X15",0.3927
250,0,"LASSO lambda.min","X16",0.4023
250,0,"LASSO lambda.min","X17",0.3947
250,0,"LASSO lambda.min","X18",0.3946
250,0,"LASSO lambda.min","X19",0.3944
250,0,"LASSO lambda.min","X20",0.393
250,0,"LASSO lambda.min","X6",0.4007
250,0,"LASSO lambda.min","X7",0.3934
250,0,"LASSO lambda.min","X8",0.391
250,0,"LASSO lambda.min","X9",0.4076
250,0.35,"AIC","X10",0.1796
250,0.35,"AIC","X11",0.1737
250,0.35,"AIC","X12",0.1769
250,0.35,"AIC","X13",0.1862
250,0.35,"AIC","X14",0.1779
250,0.35,"AIC","X15",0.1837
250,0.35,"AIC","X16",0.1836
250,0.35,"AIC","X17",0.1766
250,0.35,"AIC","X18",0.1802
250,0.35,"AIC","X19",0.177
250,0.35,"AIC","X20",0.1827
250,0.35,"AIC","X6",0.1836
250,0.35,"AIC","X7",0.18
250,0.35,"AIC","X8",0.1769
250,0.35,"AIC","X9",0.1801
250,0.35,"BIC","X10",0.0242
250,0.35,"BIC","X11",0.0232
250,0.35,"BIC","X12",0.025
250,0.35,"BIC","X13",0.0249
250,0.35,"BIC","X14",0.0244
250,0.35,"BIC","X15",0.0243
250,0.35,"BIC","X16",0.0269
250,0.35,"BIC","X17",0.025
250,0.35,"BIC","X18",0.0243
250,0.35,"BIC","X19",0.0242
250,0.35,"BIC","X20",0.0238
250,0.35,"BIC","X6",0.0267
250,0.35,"BIC","X7",0.0236
250,0.35,"BIC","X8",0.0257
250,0.35,"BIC","X9",0.0225
250,0.35,"Backward p-value","X10",0.3174
250,0.35,"Backward p-value","X11",0.3102
250,0.35,"Backward p-value","X12",0.3161
250,0.35,"Backward p-value","X13",0.3167
250,0.35,"Backward p-value","X14",0.3064
250,0.35,"Backward p-value","X15",0.3191
250,0.35,"Backward p-value","X16",0.3157
250,0.35,"Backward p-value","X17",0.3048
250,0.35,"Backward p-value","X18",0.3186
250,0.35,"Backward p-value","X19",0.3163
250,0.35,"Backward p-value","X20",0.3182
250,0.35,"Backward p-value","X6",0.3161
250,0.35,"Backward p-value","X7",0.3172
250,0.35,"Backward p-value","X8",0.308
250,0.35,"Backward p-value","X9",0.3213
250,0.35,"Elastic Net lambda.1se","X10",0.2435
250,0.35,"Elastic Net lambda.1se","X11",0.2465
250,0.35,"Elastic Net lambda.1se","X12",0.2493
250,0.35,"Elastic Net lambda.1se","X13",0.2539
250,0.35,"Elastic Net lambda.1se","X14",0.2383
250,0.35,"Elastic Net lambda.1se","X15",0.2469
250,0.35,"Elastic Net lambda.1se","X16",0.2442
250,0.35,"Elastic Net lambda.1se","X17",0.2488
250,0.35,"Elastic Net lambda.1se","X18",0.2517
250,0.35,"Elastic Net lambda.1se","X19",0.2466
250,0.35,"Elastic Net lambda.1se","X20",0.2492
250,0.35,"Elastic Net lambda.1se","X6",0.2418
250,0.35,"Elastic Net lambda.1se","X7",0.2427
250,0.35,"Elastic Net lambda.1se","X8",0.2501
250,0.35,"Elastic Net lambda.1se","X9",0.2432
250,0.35,"Elastic Net lambda.min","X10",0.4222
250,0.35,"Elastic Net lambda.min","X11",0.4232
250,0.35,"Elastic Net lambda.min","X12",0.4198
250,0.35,"Elastic Net lambda.min","X13",0.4271
250,0.35,"Elastic Net lambda.min","X14",0.4133
250,0.35,"Elastic Net lambda.min","X15",0.4302
250,0.35,"Elastic Net lambda.min","X16",0.4259
250,0.35,"Elastic Net lambda.min","X17",0.4222
250,0.35,"Elastic Net lambda.min","X18",0.4292
250,0.35,"Elastic Net lambda.min","X19",0.4313
250,0.35,"Elastic Net lambda.min","X20",0.4209
250,0.35,"Elastic Net lambda.min","X6",0.4292
250,0.35,"Elastic Net lambda.min","X7",0.4217
250,0.35,"Elastic Net lambda.min","X8",0.4266
250,0.35,"Elastic Net lambda.min","X9",0.4259
250,0.35,"LASSO lambda.1se","X10",0.1171
250,0.35,"LASSO lambda.1se","X11",0.1175
250,0.35,"LASSO lambda.1se","X12",0.1151
250,0.35,"LASSO lambda.1se","X13",0.1257
250,0.35,"LASSO lambda.1se","X14",0.113
250,0.35,"LASSO lambda.1se","X15",0.1173
250,0.35,"LASSO lambda.1se","X16",0.1204
250,0.35,"LASSO lambda.1se","X17",0.1172
250,0.35,"LASSO lambda.1se","X18",0.1242
250,0.35,"LASSO lambda.1se","X19",0.1201
250,0.35,"LASSO lambda.1se","X20",0.1206
250,0.35,"LASSO lambda.1se","X6",0.1155
250,0.35,"LASSO lambda.1se","X7",0.1245
250,0.35,"LASSO lambda.1se","X8",0.1199
250,0.35,"LASSO lambda.1se","X9",0.112
250,0.35,"LASSO lambda.min","X10",0.3474
250,0.35,"LASSO lambda.min","X11",0.3558
250,0.35,"LASSO lambda.min","X12",0.3519
250,0.35,"LASSO lambda.min","X13",0.3567
250,0.35,"LASSO lambda.min","X14",0.3435
250,0.35,"LASSO lambda.min","X15",0.357
250,0.35,"LASSO lambda.min","X16",0.3556
250,0.35,"LASSO lambda.min","X17",0.3511
250,0.35,"LASSO lambda.min","X18",0.3552
250,0.35,"LASSO lambda.min","X19",0.359
250,0.35,"LASSO lambda.min","X20",0.355
250,0.35,"LASSO lambda.min","X6",0.3523
250,0.35,"LASSO lambda.min","X7",0.3526
250,0.35,"LASSO lambda.min","X8",0.3545
250,0.35,"LASSO lambda.min","X9",0.3535
250,0.7,"AIC","X10",0.1829
250,0.7,"AIC","X11",0.1715
250,0.7,"AIC","X12",0.1861
250,0.7,"AIC","X13",0.1884
250,0.7,"AIC","X14",0.1865
250,0.7,"AIC","X15",0.1757
250,0.7,"AIC","X16",0.183
250,0.7,"AIC","X17",0.1873
250,0.7,"AIC","X18",0.1792
250,0.7,"AIC","X19",0.1814
250,0.7,"AIC","X20",0.1806
250,0.7,"AIC","X6",0.1795
250,0.7,"AIC","X7",0.1837
250,0.7,"AIC","X8",0.179
250,0.7,"AIC","X9",0.182
250,0.7,"BIC","X10",0.0266
250,0.7,"BIC","X11",0.027
250,0.7,"BIC","X12",0.0289
250,0.7,"BIC","X13",0.0278
250,0.7,"BIC","X14",0.0274
250,0.7,"BIC","X15",0.0282
250,0.7,"BIC","X16",0.0279
250,0.7,"BIC","X17",0.0298
250,0.7,"BIC","X18",0.0257
250,0.7,"BIC","X19",0.0294
250,0.7,"BIC","X20",0.0302
250,0.7,"BIC","X6",0.0257
250,0.7,"BIC","X7",0.0289
250,0.7,"BIC","X8",0.0299
250,0.7,"BIC","X9",0.0259
250,0.7,"Backward p-value","X10",0.3152
250,0.7,"Backward p-value","X11",0.3114
250,0.7,"Backward p-value","X12",0.3164
250,0.7,"Backward p-value","X13",0.3225
250,0.7,"Backward p-value","X14",0.3151
250,0.7,"Backward p-value","X15",0.3103
250,0.7,"Backward p-value","X16",0.3128
250,0.7,"Backward p-value","X17",0.3144
250,0.7,"Backward p-value","X18",0.3104
250,0.7,"Backward p-value","X19",0.3237
250,0.7,"Backward p-value","X20",0.3178
250,0.7,"Backward p-value","X6",0.3137
250,0.7,"Backward p-value","X7",0.3113
250,0.7,"Backward p-value","X8",0.3131
250,0.7,"Backward p-value","X9",0.3149
250,0.7,"Elastic Net lambda.1se","X10",0.4204
250,0.7,"Elastic Net lambda.1se","X11",0.4144
250,0.7,"Elastic Net lambda.1se","X12",0.4207
250,0.7,"Elastic Net lambda.1se","X13",0.4216
250,0.7,"Elastic Net lambda.1se","X14",0.4151
250,0.7,"Elastic Net lambda.1se","X15",0.4168
250,0.7,"Elastic Net lambda.1se","X16",0.4184
250,0.7,"Elastic Net lambda.1se","X17",0.4107
250,0.7,"Elastic Net lambda.1se","X18",0.4169
250,0.7,"Elastic Net lambda.1se","X19",0.4133
250,0.7,"Elastic Net lambda.1se","X20",0.4176
250,0.7,"Elastic Net lambda.1se","X6",0.4258
250,0.7,"Elastic Net lambda.1se","X7",0.415
250,0.7,"Elastic Net lambda.1se","X8",0.4155
250,0.7,"Elastic Net lambda.1se","X9",0.4083
250,0.7,"Elastic Net lambda.min","X10",0.4107
250,0.7,"Elastic Net lambda.min","X11",0.4014
250,0.7,"Elastic Net lambda.min","X12",0.4102
250,0.7,"Elastic Net lambda.min","X13",0.4119
250,0.7,"Elastic Net lambda.min","X14",0.4116
250,0.7,"Elastic Net lambda.min","X15",0.4077
250,0.7,"Elastic Net lambda.min","X16",0.4104
250,0.7,"Elastic Net lambda.min","X17",0.4078
250,0.7,"Elastic Net lambda.min","X18",0.413
250,0.7,"Elastic Net lambda.min","X19",0.4061
250,0.7,"Elastic Net lambda.min","X20",0.4098
250,0.7,"Elastic Net lambda.min","X6",0.4136
250,0.7,"Elastic Net lambda.min","X7",0.4055
250,0.7,"Elastic Net lambda.min","X8",0.4025
250,0.7,"Elastic Net lambda.min","X9",0.4056
250,0.7,"LASSO lambda.1se","X10",0.1943
250,0.7,"LASSO lambda.1se","X11",0.1993
250,0.7,"LASSO lambda.1se","X12",0.202
250,0.7,"LASSO lambda.1se","X13",0.2005
250,0.7,"LASSO lambda.1se","X14",0.1991
250,0.7,"LASSO lambda.1se","X15",0.1906
250,0.7,"LASSO lambda.1se","X16",0.198
250,0.7,"LASSO lambda.1se","X17",0.1995
250,0.7,"LASSO lambda.1se","X18",0.1982
250,0.7,"LASSO lambda.1se","X19",0.2021
250,0.7,"LASSO lambda.1se","X20",0.1954
250,0.7,"LASSO lambda.1se","X6",0.2
250,0.7,"LASSO lambda.1se","X7",0.1969
250,0.7,"LASSO lambda.1se","X8",0.1983
250,0.7,"LASSO lambda.1se","X9",0.1986
250,0.7,"LASSO lambda.min","X10",0.3538
250,0.7,"LASSO lambda.min","X11",0.3531
250,0.7,"LASSO lambda.min","X12",0.3581
250,0.7,"LASSO lambda.min","X13",0.3565
250,0.7,"LASSO lambda.min","X14",0.3555
250,0.7,"LASSO lambda.min","X15",0.3509
250,0.7,"LASSO lambda.min","X16",0.3554
250,0.7,"LASSO lambda.min","X17",0.3542
250,0.7,"LASSO lambda.min","X18",0.3569
250,0.7,"LASSO lambda.min","X19",0.3528
250,0.7,"LASSO lambda.min","X20",0.351
250,0.7,"LASSO lambda.min","X6",0.3559
250,0.7,"LASSO lambda.min","X7",0.3507
250,0.7,"LASSO lambda.min","X8",0.3477
250,0.7,"LASSO lambda.min","X9",0.3531
500,0,"AIC","X10",0.1692
500,0,"AIC","X11",0.169
500,0,"AIC","X12",0.1736
500,0,"AIC","X13",0.1677
500,0,"AIC","X14",0.1614
500,0,"AIC","X15",0.1572
500,0,"AIC","X16",0.1653
500,0,"AIC","X17",0.1627
500,0,"AIC","X18",0.1718
500,0,"AIC","X19",0.1604
500,0,"AIC","X20",0.1593
500,0,"AIC","X6",0.1669
500,0,"AIC","X7",0.1629
500,0,"AIC","X8",0.1609
500,0,"AIC","X9",0.1621
500,0,"BIC","X10",0.0133
500,0,"BIC","X11",0.015
500,0,"BIC","X12",0.0148
500,0,"BIC","X13",0.0135
500,0,"BIC","X14",0.0146
500,0,"BIC","X15",0.014
500,0,"BIC","X16",0.0139
500,0,"BIC","X17",0.0122
500,0,"BIC","X18",0.0136
500,0,"BIC","X19",0.014
500,0,"BIC","X20",0.0127
500,0,"BIC","X6",0.0138
500,0,"BIC","X7",0.014
500,0,"BIC","X8",0.0112
500,0,"BIC","X9",0.0122
500,0,"Backward p-value","X10",0.3141
500,0,"Backward p-value","X11",0.3081
500,0,"Backward p-value","X12",0.3112
500,0,"Backward p-value","X13",0.3115
500,0,"Backward p-value","X14",0.306
500,0,"Backward p-value","X15",0.3051
500,0,"Backward p-value","X16",0.305
500,0,"Backward p-value","X17",0.3006
500,0,"Backward p-value","X18",0.3101
500,0,"Backward p-value","X19",0.3034
500,0,"Backward p-value","X20",0.3002
500,0,"Backward p-value","X6",0.3036
500,0,"Backward p-value","X7",0.3062
500,0,"Backward p-value","X8",0.3033
500,0,"Backward p-value","X9",0.3006
500,0,"Elastic Net lambda.1se","X10",0.0501
500,0,"Elastic Net lambda.1se","X11",0.0529
500,0,"Elastic Net lambda.1se","X12",0.0494
500,0,"Elastic Net lambda.1se","X13",0.0489
500,0,"Elastic Net lambda.1se","X14",0.0491
500,0,"Elastic Net lambda.1se","X15",0.0494
500,0,"Elastic Net lambda.1se","X16",0.0486
500,0,"Elastic Net lambda.1se","X17",0.048
500,0,"Elastic Net lambda.1se","X18",0.0481
500,0,"Elastic Net lambda.1se","X19",0.0464
500,0,"Elastic Net lambda.1se","X20",0.0467
500,0,"Elastic Net lambda.1se","X6",0.0512
500,0,"Elastic Net lambda.1se","X7",0.0512
500,0,"Elastic Net lambda.1se","X8",0.0478
500,0,"Elastic Net lambda.1se","X9",0.0452
500,0,"Elastic Net lambda.min","X10",0.5052
500,0,"Elastic Net lambda.min","X11",0.5053
500,0,"Elastic Net lambda.min","X12",0.5052
500,0,"Elastic Net lambda.min","X13",0.5049
500,0,"Elastic Net lambda.min","X14",0.5021
500,0,"Elastic Net lambda.min","X15",0.5043
500,0,"Elastic Net lambda.min","X16",0.5079
500,0,"Elastic Net lambda.min","X17",0.5044
500,0,"Elastic Net lambda.min","X18",0.5066
500,0,"Elastic Net lambda.min","X19",0.4978
500,0,"Elastic Net lambda.min","X20",0.4957
500,0,"Elastic Net lambda.min","X6",0.5036
500,0,"Elastic Net lambda.min","X7",0.5024
500,0,"Elastic Net lambda.min","X8",0.5015
500,0,"Elastic Net lambda.min","X9",0.4981
500,0,"LASSO lambda.1se","X10",0.0188
500,0,"LASSO lambda.1se","X11",0.0224
500,0,"LASSO lambda.1se","X12",0.018
500,0,"LASSO lambda.1se","X13",0.0212
500,0,"LASSO lambda.1se","X14",0.0203
500,0,"LASSO lambda.1se","X15",0.0199
500,0,"LASSO lambda.1se","X16",0.019
500,0,"LASSO lambda.1se","X17",0.0195
500,0,"LASSO lambda.1se","X18",0.0192
500,0,"LASSO lambda.1se","X19",0.0186
500,0,"LASSO lambda.1se","X20",0.0183
500,0,"LASSO lambda.1se","X6",0.0205
500,0,"LASSO lambda.1se","X7",0.0211
500,0,"LASSO lambda.1se","X8",0.0181
500,0,"LASSO lambda.1se","X9",0.0187
500,0,"LASSO lambda.min","X10",0.4069
500,0,"LASSO lambda.min","X11",0.405
500,0,"LASSO lambda.min","X12",0.4063
500,0,"LASSO lambda.min","X13",0.4043
500,0,"LASSO lambda.min","X14",0.3997
500,0,"LASSO lambda.min","X15",0.4002
500,0,"LASSO lambda.min","X16",0.4041
500,0,"LASSO lambda.min","X17",0.4025
500,0,"LASSO lambda.min","X18",0.4027
500,0,"LASSO lambda.min","X19",0.4014
500,0,"LASSO lambda.min","X20",0.3944
500,0,"LASSO lambda.min","X6",0.4005
500,0,"LASSO lambda.min","X7",0.4034
500,0,"LASSO lambda.min","X8",0.4035
500,0,"LASSO lambda.min","X9",0.3995
500,0.35,"AIC","X10",0.1722
500,0.35,"AIC","X11",0.1695
500,0.35,"AIC","X12",0.1749
500,0.35,"AIC","X13",0.1766
500,0.35,"AIC","X14",0.168
500,0.35,"AIC","X15",0.167
500,0.35,"AIC","X16",0.1653
500,0.35,"AIC","X17",0.1691
500,0.35,"AIC","X18",0.1706
500,0.35,"AIC","X19",0.1691
500,0.35,"AIC","X20",0.172
500,0.35,"AIC","X6",0.1685
500,0.35,"AIC","X7",0.1683
500,0.35,"AIC","X8",0.1685
500,0.35,"AIC","X9",0.1658
500,0.35,"BIC","X10",0.0116
500,0.35,"BIC","X11",0.0153
500,0.35,"BIC","X12",0.0159
500,0.35,"BIC","X13",0.0139
500,0.35,"BIC","X14",0.0144
500,0.35,"BIC","X15",0.014
500,0.35,"BIC","X16",0.0142
500,0.35,"BIC","X17",0.0151
500,0.35,"BIC","X18",0.0159
500,0.35,"BIC","X19",0.0153
500,0.35,"BIC","X20",0.015
500,0.35,"BIC","X6",0.0157
500,0.35,"BIC","X7",0.0148
500,0.35,"BIC","X8",0.0135
500,0.35,"BIC","X9",0.0165
500,0.35,"Backward p-value","X10",0.3136
500,0.35,"Backward p-value","X11",0.3058
500,0.35,"Backward p-value","X12",0.3098
500,0.35,"Backward p-value","X13",0.3229
500,0.35,"Backward p-value","X14",0.3043
500,0.35,"Backward p-value","X15",0.3063
500,0.35,"Backward p-value","X16",0.3135
500,0.35,"Backward p-value","X17",0.3085
500,0.35,"Backward p-value","X18",0.3078
500,0.35,"Backward p-value","X19",0.3089
500,0.35,"Backward p-value","X20",0.313
500,0.35,"Backward p-value","X6",0.3102
500,0.35,"Backward p-value","X7",0.3033
500,0.35,"Backward p-value","X8",0.3044
500,0.35,"Backward p-value","X9",0.3046
500,0.35,"Elastic Net lambda.1se","X10",0.242
500,0.35,"Elastic Net lambda.1se","X11",0.2352
500,0.35,"Elastic Net lambda.1se","X12",0.2381
500,0.35,"Elastic Net lambda.1se","X13",0.2549
500,0.35,"Elastic Net lambda.1se","X14",0.2345
500,0.35,"Elastic Net lambda.1se","X15",0.2376
500,0.35,"Elastic Net lambda.1se","X16",0.2482
500,0.35,"Elastic Net lambda.1se","X17",0.2401
500,0.35,"Elastic Net lambda.1se","X18",0.2423
500,0.35,"Elastic Net lambda.1se","X19",0.2386
500,0.35,"Elastic Net lambda.1se","X20",0.2443
500,0.35,"Elastic Net lambda.1se","X6",0.2386
500,0.35,"Elastic Net lambda.1se","X7",0.234
500,0.35,"Elastic Net lambda.1se","X8",0.2339
500,0.35,"Elastic Net lambda.1se","X9",0.2309
500,0.35,"Elastic Net lambda.min","X10",0.4357
500,0.35,"Elastic Net lambda.min","X11",0.4239
500,0.35,"Elastic Net lambda.min","X12",0.4298
500,0.35,"Elastic Net lambda.min","X13",0.4413
500,0.35,"Elastic Net lambda.min","X14",0.4195
500,0.35,"Elastic Net lambda.min","X15",0.4216
500,0.35,"Elastic Net lambda.min","X16",0.4321
500,0.35,"Elastic Net lambda.min","X17",0.427
500,0.35,"Elastic Net lambda.min","X18",0.4305
500,0.35,"Elastic Net lambda.min","X19",0.4267
500,0.35,"Elastic Net lambda.min","X20",0.4257
500,0.35,"Elastic Net lambda.min","X6",0.4306
500,0.35,"Elastic Net lambda.min","X7",0.4251
500,0.35,"Elastic Net lambda.min","X8",0.428
500,0.35,"Elastic Net lambda.min","X9",0.4175
500,0.35,"LASSO lambda.1se","X10",0.0976
500,0.35,"LASSO lambda.1se","X11",0.0951
500,0.35,"LASSO lambda.1se","X12",0.0926
500,0.35,"LASSO lambda.1se","X13",0.0975
500,0.35,"LASSO lambda.1se","X14",0.0926
500,0.35,"LASSO lambda.1se","X15",0.0955
500,0.35,"LASSO lambda.1se","X16",0.0953
500,0.35,"LASSO lambda.1se","X17",0.0949
500,0.35,"LASSO lambda.1se","X18",0.0938
500,0.35,"LASSO lambda.1se","X19",0.093
500,0.35,"LASSO lambda.1se","X20",0.1001
500,0.35,"LASSO lambda.1se","X6",0.0962
500,0.35,"LASSO lambda.1se","X7",0.0942
500,0.35,"LASSO lambda.1se","X8",0.0927
500,0.35,"LASSO lambda.1se","X9",0.0915
500,0.35,"LASSO lambda.min","X10",0.3646
500,0.35,"LASSO lambda.min","X11",0.3517
500,0.35,"LASSO lambda.min","X12",0.3585
500,0.35,"LASSO lambda.min","X13",0.3682
500,0.35,"LASSO lambda.min","X14",0.3475
500,0.35,"LASSO lambda.min","X15",0.3492
500,0.35,"LASSO lambda.min","X16",0.3622
500,0.35,"LASSO lambda.min","X17",0.3524
500,0.35,"LASSO lambda.min","X18",0.3547
500,0.35,"LASSO lambda.min","X19",0.3573
500,0.35,"LASSO lambda.min","X20",0.3535
500,0.35,"LASSO lambda.min","X6",0.3606
500,0.35,"LASSO lambda.min","X7",0.3529
500,0.35,"LASSO lambda.min","X8",0.3519
500,0.35,"LASSO lambda.min","X9",0.3491
500,0.7,"AIC","X10",0.1722
500,0.7,"AIC","X11",0.1722
500,0.7,"AIC","X12",0.1722
500,0.7,"AIC","X13",0.1711
500,0.7,"AIC","X14",0.1647
500,0.7,"AIC","X15",0.1791
500,0.7,"AIC","X16",0.1694
500,0.7,"AIC","X17",0.1724
500,0.7,"AIC","X18",0.1639
500,0.7,"AIC","X19",0.1692
500,0.7,"AIC","X20",0.1758
500,0.7,"AIC","X6",0.1704
500,0.7,"AIC","X7",0.1718
500,0.7,"AIC","X8",0.1788
500,0.7,"AIC","X9",0.174
500,0.7,"BIC","X10",0.0175
500,0.7,"BIC","X11",0.0176
500,0.7,"BIC","X12",0.0174
500,0.7,"BIC","X13",0.0185
500,0.7,"BIC","X14",0.0175
500,0.7,"BIC","X15",0.0194
500,0.7,"BIC","X16",0.017
500,0.7,"BIC","X17",0.0174
500,0.7,"BIC","X18",0.0173
500,0.7,"BIC","X19",0.0178
500,0.7,"BIC","X20",0.017
500,0.7,"BIC","X6",0.0175
500,0.7,"BIC","X7",0.0194
500,0.7,"BIC","X8",0.0185
500,0.7,"BIC","X9",0.0184
500,0.7,"Backward p-value","X10",0.3116
500,0.7,"Backward p-value","X11",0.3169
500,0.7,"Backward p-value","X12",0.3125
500,0.7,"Backward p-value","X13",0.3085
500,0.7,"Backward p-value","X14",0.3038
500,0.7,"Backward p-value","X15",0.3123
500,0.7,"Backward p-value","X16",0.3129
500,0.7,"Backward p-value","X17",0.3138
500,0.7,"Backward p-value","X18",0.3075
500,0.7,"Backward p-value","X19",0.3097
500,0.7,"Backward p-value","X20",0.3148
500,0.7,"Backward p-value","X6",0.3059
500,0.7,"Backward p-value","X7",0.3157
500,0.7,"Backward p-value","X8",0.3141
500,0.7,"Backward p-value","X9",0.312
500,0.7,"Elastic Net lambda.1se","X10",0.4341
500,0.7,"Elastic Net lambda.1se","X11",0.4332
500,0.7,"Elastic Net lambda.1se","X12",0.4395
500,0.7,"Elastic Net lambda.1se","X13",0.4363
500,0.7,"Elastic Net lambda.1se","X14",0.4324
500,0.7,"Elastic Net lambda.1se","X15",0.4249
500,0.7,"Elastic Net lambda.1se","X16",0.427
500,0.7,"Elastic Net lambda.1se","X17",0.4347
500,0.7,"Elastic Net lambda.1se","X18",0.4412
500,0.7,"Elastic Net lambda.1se","X19",0.4349
500,0.7,"Elastic Net lambda.1se","X20",0.4333
500,0.7,"Elastic Net lambda.1se","X6",0.4396
500,0.7,"Elastic Net lambda.1se","X7",0.4443
500,0.7,"Elastic Net lambda.1se","X8",0.4364
500,0.7,"Elastic Net lambda.1se","X9",0.4388
500,0.7,"Elastic Net lambda.min","X10",0.4107
500,0.7,"Elastic Net lambda.min","X11",0.4113
500,0.7,"Elastic Net lambda.min","X12",0.4235
500,0.7,"Elastic Net lambda.min","X13",0.4174
500,0.7,"Elastic Net lambda.min","X14",0.4148
500,0.7,"Elastic Net lambda.min","X15",0.4041
500,0.7,"Elastic Net lambda.min","X16",0.411
500,0.7,"Elastic Net lambda.min","X17",0.4129
500,0.7,"Elastic Net lambda.min","X18",0.4206
500,0.7,"Elastic Net lambda.min","X19",0.4133
500,0.7,"Elastic Net lambda.min","X20",0.4174
500,0.7,"Elastic Net lambda.min","X6",0.4122
500,0.7,"Elastic Net lambda.min","X7",0.4228
500,0.7,"Elastic Net lambda.min","X8",0.4141
500,0.7,"Elastic Net lambda.min","X9",0.4165
500,0.7,"LASSO lambda.1se","X10",0.1821
500,0.7,"LASSO lambda.1se","X11",0.1882
500,0.7,"LASSO lambda.1se","X12",0.1886
500,0.7,"LASSO lambda.1se","X13",0.184
500,0.7,"LASSO lambda.1se","X14",0.1791
500,0.7,"LASSO lambda.1se","X15",0.1843
500,0.7,"LASSO lambda.1se","X16",0.1789
500,0.7,"LASSO lambda.1se","X17",0.1843
500,0.7,"LASSO lambda.1se","X18",0.1852
500,0.7,"LASSO lambda.1se","X19",0.1804
500,0.7,"LASSO lambda.1se","X20",0.1831
500,0.7,"LASSO lambda.1se","X6",0.1809
500,0.7,"LASSO lambda.1se","X7",0.1887
500,0.7,"LASSO lambda.1se","X8",0.1877
500,0.7,"LASSO lambda.1se","X9",0.1837
500,0.7,"LASSO lambda.min","X10",0.3551
500,0.7,"LASSO lambda.min","X11",0.3568
500,0.7,"LASSO lambda.min","X12",0.3684
500,0.7,"LASSO lambda.min","X13",0.359
500,0.7,"LASSO lambda.min","X14",0.358
500,0.7,"LASSO lambda.min","X15",0.3549
500,0.7,"LASSO lambda.min","X16",0.3537
500,0.7,"LASSO lambda.min","X17",0.3556
500,0.7,"LASSO lambda.min","X18",0.3646
500,0.7,"LASSO lambda.min","X19",0.3552
500,0.7,"LASSO lambda.min","X20",0.3605
500,0.7,"LASSO lambda.min","X6",0.3575
500,0.7,"LASSO lambda.min","X7",0.3686
500,0.7,"LASSO lambda.min","X8",0.3611
500,0.7,"LASSO lambda.min","X9",0.3631
